0,1,2,3,4,5,6,7,8,9,10,11,12,13,14,15,16,17,18,19,price
1.029099659371194,1.394055427040185,1.539173229085006,1.4209293866851447,1.5389719687210002,0.0,1.0,1.0,0.0,1.0,0.0,1.0,0.0,0.0,1.0,0.0,1.0,1.0,0.0,0.0,13300000
1.728532377928592,1.394055427040185,5.733420278341647,2.587643534697806,2.709987288725112,0.0,1.0,1.0,0.0,1.0,0.0,1.0,0.0,0.0,1.0,1.0,0.0,1.0,0.0,0.0,12250000
2.1827094679009282,0.055270920014809204,1.539173229085006,0.2542152386724836,1.5389719687210002,0.0,1.0,1.0,0.0,0.0,1.0,1.0,0.0,1.0,0.0,0.0,1.0,0.0,1.0,0.0,12250000
1.0654338265689811,1.394055427040185,1.539173229085006,0.2542152386724836,2.709987288725112,0.0,1.0,1.0,0.0,0.0,1.0,1.0,0.0,0.0,1.0,0.0,1.0,1.0,0.0,0.0,12215000
1.029099659371194,1.394055427040185,-0.5579502955433145,0.2542152386724836,1.5389719687210002,0.0,1.0,0.0,1.0,0.0,1.0,1.0,0.0,0.0,1.0,1.0,0.0,1.0,0.0,0.0,11410000
1.0654338265689811,0.055270920014809204,3.6362967537133266,-0.9124989093401775,1.5389719687210002,0.0,1.0,1.0,0.0,0.0,1.0,1.0,0.0,0.0,1.0,0.0,1.0,0.0,1.0,0.0,10850000
1.5559450837391042,1.394055427040185,3.6362967537133266,2.587643534697806,1.5389719687210002,0.0,1.0,1.0,0.0,1.0,0.0,1.0,0.0,0.0,1.0,0.0,1.0,0.0,1.0,0.0,10150000
5.0167745093283065,2.7328399340655607,3.6362967537133266,0.2542152386724836,-0.8030586712872236,0.0,1.0,1.0,0.0,1.0,0.0,1.0,0.0,1.0,0.0,1.0,0.0,0.0,0.0,1.0,10150000
1.337940080552383,1.394055427040185,-0.5579502955433145,0.2542152386724836,1.5389719687210002,0.0,1.0,0.0,1.0,0.0,1.0,1.0,0.0,0.0,1.0,0.0,1.0,1.0,0.0,0.0,9870000
0.27062391911739264,0.055270920014809204,1.539173229085006,2.587643534697806,0.3679566487168883,0.0,1.0,0.0,1.0,1.0,0.0,1.0,0.0,0.0,1.0,0.0,1.0,0.0,0.0,1.0,9800000
3.6542432394112976,0.055270920014809204,-0.5579502955433145,0.2542152386724836,1.5389719687210002,0.0,1.0,1.0,0.0,0.0,1.0,1.0,0.0,0.0,1.0,0.0,1.0,1.0,0.0,0.0,9800000
0.3841681916104767,1.394055427040185,3.6362967537133266,0.2542152386724836,1.5389719687210002,0.0,1.0,0.0,1.0,0.0,1.0,0.0,1.0,1.0,0.0,1.0,0.0,0.0,1.0,0.0,9681000
0.6339655910952616,1.394055427040185,1.539173229085006,0.2542152386724836,0.3679566487168883,0.0,1.0,1.0,0.0,1.0,0.0,1.0,0.0,0.0,1.0,0.0,1.0,0.0,1.0,0.0,9310000
-0.7512745333203639,1.394055427040185,1.539173229085006,0.2542152386724836,1.5389719687210002,0.0,1.0,1.0,0.0,1.0,0.0,0.0,1.0,1.0,0.0,1.0,0.0,1.0,0.0,0.0,9240000
1.201686953560682,0.055270920014809204,1.539173229085006,0.2542152386724836,-0.8030586712872236,0.0,1.0,1.0,0.0,1.0,0.0,1.0,0.0,1.0,0.0,0.0,1.0,0.0,1.0,0.0,9240000
0.3841681916104767,1.394055427040185,-0.5579502955433145,0.2542152386724836,1.5389719687210002,0.0,1.0,1.0,0.0,0.0,1.0,1.0,0.0,1.0,0.0,1.0,0.0,0.0,1.0,0.0,9100000
0.6566744455938784,1.394055427040185,1.539173229085006,0.2542152386724836,0.3679566487168883,0.0,1.0,0.0,1.0,0.0,1.0,1.0,0.0,0.0,1.0,0.0,1.0,0.0,0.0,1.0,9100000
1.5196109165413172,0.055270920014809204,1.539173229085006,2.587643534697806,1.5389719687210002,0.0,1.0,1.0,0.0,1.0,0.0,1.0,0.0,0.0,1.0,1.0,0.0,1.0,0.0,0.0,8960000
-0.251679734350794,0.055270920014809204,1.539173229085006,0.2542152386724836,1.5389719687210002,0.0,1.0,0.0,1.0,1.0,0.0,1.0,0.0,0.0,1.0,1.0,0.0,1.0,0.0,0.0,8890000
0.5749225693988579,0.055270920014809204,1.539173229085006,0.2542152386724836,0.3679566487168883,0.0,1.0,1.0,0.0,1.0,0.0,1.0,0.0,0.0,1.0,0.0,1.0,0.0,1.0,0.0,8855000
-0.3788493195430481,0.055270920014809204,-0.5579502955433145,0.2542152386724836,1.5389719687210002,0.0,1.0,1.0,0.0,0.0,1.0,0.0,1.0,1.0,0.0,1.0,0.0,0.0,1.0,0.0,8750000
0.9087427305285251,0.055270920014809204,1.539173229085006,-0.9124989093401775,1.5389719687210002,0.0,1.0,0.0,1.0,0.0,1.0,1.0,0.0,0.0,1.0,1.0,0.0,0.0,0.0,1.0,8680000
1.315231226053766,0.055270920014809204,-0.5579502955433145,-0.9124989093401775,0.3679566487168883,0.0,1.0,0.0,1.0,0.0,1.0,1.0,0.0,0.0,1.0,1.0,0.0,1.0,0.0,0.0,8645000
-0.26984681794968746,0.055270920014809204,1.539173229085006,0.2542152386724836,0.3679566487168883,0.0,1.0,0.0,1.0,0.0,1.0,1.0,0.0,0.0,1.0,1.0,0.0,1.0,0.0,0.0,8645000
1.655864043533018,0.055270920014809204,1.539173229085006,0.2542152386724836,1.5389719687210002,0.0,1.0,1.0,0.0,1.0,0.0,1.0,0.0,0.0,1.0,1.0,0.0,1.0,0.0,0.0,8575000
0.6294238201955383,1.394055427040185,1.539173229085006,0.2542152386724836,1.5389719687210002,0.0,1.0,0.0,1.0,0.0,1.0,1.0,0.0,0.0,1.0,0.0,1.0,1.0,0.0,0.0,8540000
0.3841681916104767,0.055270920014809204,1.539173229085006,2.587643534697806,-0.8030586712872236,0.0,1.0,0.0,1.0,0.0,1.0,1.0,0.0,0.0,1.0,0.0,1.0,0.0,1.0,0.0,8463000
1.6899273252809435,0.055270920014809204,-0.5579502955433145,-0.9124989093401775,0.3679566487168883,0.0,1.0,1.0,0.0,1.0,0.0,1.0,0.0,1.0,0.0,1.0,0.0,0.0,1.0,0.0,8400000
1.2698135170565323,2.7328399340655607,1.539173229085006,0.2542152386724836,1.5389719687210002,0.0,1.0,1.0,0.0,0.0,1.0,0.0,1.0,1.0,0.0,1.0,0.0,0.0,0.0,1.0,8400000
0.1570796466243086,1.394055427040185,1.539173229085006,0.2542152386724836,0.3679566487168883,0.0,1.0,1.0,0.0,0.0,1.0,1.0,0.0,0.0,1.0,0.0,1.0,0.0,1.0,0.0,8400000
1.0540793993196726,0.055270920014809204,1.539173229085006,2.587643534697806,1.5389719687210002,0.0,1.0,1.0,0.0,1.0,0.0,1.0,0.0,0.0,1.0,1.0,0.0,0.0,0.0,1.0,8400000
0.838345281582813,0.055270920014809204,-0.5579502955433145,2.587643534697806,1.5389719687210002,0.0,1.0,1.0,0.0,1.0,0.0,1.0,0.0,0.0,1.0,1.0,0.0,0.0,1.0,0.0,8400000
-0.12451014915853985,1.394055427040185,1.539173229085006,0.2542152386724836,0.3679566487168883,0.0,1.0,1.0,0.0,1.0,0.0,1.0,0.0,0.0,1.0,0.0,1.0,1.0,0.0,0.0,8295000
0.36600110801158325,0.055270920014809204,3.6362967537133266,0.2542152386724836,0.3679566487168883,0.0,1.0,0.0,1.0,0.0,1.0,1.0,0.0,1.0,0.0,1.0,0.0,0.0,0.0,1.0,8190000
0.7656769471872391,2.7328399340655607,-0.5579502955433145,0.2542152386724836,0.3679566487168883,0.0,1.0,0.0,1.0,0.0,1.0,1.0,0.0,0.0,1.0,1.0,0.0,1.0,0.0,0.0,8120000
0.838345281582813,0.055270920014809204,1.539173229085006,2.587643534697806,1.5389719687210002,0.0,1.0,1.0,0.0,1.0,0.0,1.0,0.0,0.0,1.0,1.0,0.0,1.0,0.0,0.0,8080940
1.057258638949479,0.055270920014809204,1.539173229085006,1.4209293866851447,0.3679566487168883,0.0,1.0,1.0,0.0,1.0,0.0,0.0,1.0,1.0,0.0,0.0,1.0,1.0,0.0,0.0,8043000
1.7466994615274853,1.394055427040185,1.539173229085006,2.587643534697806,1.5389719687210002,0.0,1.0,1.0,0.0,1.0,0.0,1.0,0.0,0.0,1.0,1.0,0.0,1.0,0.0,0.0,7980000
0.3841681916104767,0.055270920014809204,-0.5579502955433145,2.587643534697806,1.5389719687210002,0.0,1.0,0.0,1.0,1.0,0.0,1.0,0.0,0.0,1.0,1.0,0.0,0.0,0.0,1.0,7962500
0.3841681916104767,1.394055427040185,1.539173229085006,2.587643534697806,0.3679566487168883,0.0,1.0,1.0,0.0,1.0,0.0,1.0,0.0,0.0,1.0,1.0,0.0,0.0,1.0,0.0,7910000
0.6339655910952616,0.055270920014809204,-0.5579502955433145,0.2542152386724836,-0.8030586712872236,0.0,1.0,1.0,0.0,0.0,1.0,1.0,0.0,0.0,1.0,0.0,1.0,1.0,0.0,0.0,7875000
0.5476719440005178,0.055270920014809204,1.539173229085006,2.587643534697806,-0.8030586712872236,0.0,1.0,1.0,0.0,1.0,0.0,1.0,0.0,0.0,1.0,0.0,1.0,1.0,0.0,0.0,7840000
0.6021731947971981,0.055270920014809204,1.539173229085006,2.587643534697806,1.5389719687210002,0.0,1.0,1.0,0.0,1.0,0.0,1.0,0.0,0.0,1.0,1.0,0.0,0.0,0.0,1.0,7700000
0.3841681916104767,1.394055427040185,1.539173229085006,2.587643534697806,1.5389719687210002,0.0,1.0,1.0,0.0,1.0,0.0,1.0,0.0,1.0,0.0,1.0,0.0,0.0,1.0,0.0,7700000
0.3841681916104767,1.394055427040185,1.539173229085006,2.587643534697806,0.3679566487168883,0.0,1.0,1.0,0.0,1.0,0.0,1.0,0.0,0.0,1.0,1.0,0.0,1.0,0.0,0.0,7560000
0.3841681916104767,0.055270920014809204,1.539173229085006,1.4209293866851447,-0.8030586712872236,0.0,1.0,1.0,0.0,1.0,0.0,1.0,0.0,0.0,1.0,1.0,0.0,0.0,1.0,0.0,7560000
0.3841681916104767,0.055270920014809204,1.539173229085006,2.587643534697806,0.3679566487168883,0.0,1.0,1.0,0.0,1.0,0.0,1.0,0.0,0.0,1.0,1.0,0.0,1.0,0.0,0.0,7525000
0.6566744455938784,0.055270920014809204,-0.5579502955433145,2.587643534697806,2.709987288725112,0.0,1.0,1.0,0.0,1.0,0.0,1.0,0.0,0.0,1.0,0.0,1.0,1.0,0.0,0.0,7490000
-0.3879328613424949,0.055270920014809204,1.539173229085006,0.2542152386724836,0.3679566487168883,0.0,1.0,1.0,0.0,0.0,1.0,1.0,0.0,1.0,0.0,1.0,0.0,0.0,0.0,1.0,7455000
1.038183201170641,0.055270920014809204,1.539173229085006,-0.9124989093401775,-0.8030586712872236,0.0,1.0,0.0,1.0,0.0,1.0,1.0,0.0,0.0,1.0,0.0,1.0,0.0,1.0,0.0,7420000
1.038183201170641,0.055270920014809204,1.539173229085006,2.587643534697806,0.3679566487168883,0.0,1.0,1.0,0.0,1.0,0.0,1.0,0.0,1.0,0.0,0.0,1.0,0.0,0.0,1.0,7420000
0.531775745851486,0.055270920014809204,-0.5579502955433145,2.587643534697806,0.3679566487168883,0.0,1.0,1.0,0.0,1.0,0.0,1.0,0.0,0.0,1.0,1.0,0.0,0.0,0.0,1.0,7420000
0.3841681916104767,1.394055427040185,1.539173229085006,2.587643534697806,0.3679566487168883,0.0,1.0,0.0,1.0,1.0,0.0,1.0,0.0,0.0,1.0,1.0,0.0,1.0,0.0,0.0,7350000
-0.001882334866009072,0.055270920014809204,1.539173229085006,2.587643534697806,1.5389719687210002,0.0,1.0,1.0,0.0,1.0,0.0,1.0,0.0,0.0,1.0,1.0,0.0,0.0,1.0,0.0,7350000
0.3841681916104767,0.055270920014809204,1.539173229085006,0.2542152386724836,0.3679566487168883,0.0,1.0,0.0,1.0,1.0,0.0,1.0,0.0,0.0,1.0,1.0,0.0,0.0,1.0,0.0,7350000
0.3841681916104767,0.055270920014809204,-0.5579502955433145,0.2542152386724836,0.3679566487168883,0.0,1.0,1.0,0.0,1.0,0.0,1.0,0.0,0.0,1.0,1.0,0.0,0.0,0.0,1.0,7350000
2.854891561059986,1.394055427040185,-0.5579502955433145,0.2542152386724836,0.3679566487168883,0.0,1.0,1.0,0.0,0.0,1.0,1.0,0.0,1.0,0.0,0.0,1.0,0.0,1.0,0.0,7343000
1.7466994615274853,1.394055427040185,1.539173229085006,2.587643534697806,0.3679566487168883,0.0,1.0,0.0,1.0,1.0,0.0,1.0,0.0,0.0,1.0,0.0,1.0,1.0,0.0,0.0,7245000
1.1471857027640016,1.394055427040185,1.539173229085006,2.587643534697806,0.3679566487168883,0.0,1.0,0.0,1.0,1.0,0.0,1.0,0.0,0.0,1.0,1.0,0.0,0.0,1.0,0.0,7210000
0.3841681916104767,0.055270920014809204,1.539173229085006,2.587643534697806,0.3679566487168883,0.0,1.0,0.0,1.0,1.0,0.0,1.0,0.0,0.0,1.0,1.0,0.0,1.0,0.0,0.0,7210000
0.3841681916104767,0.055270920014809204,1.539173229085006,0.2542152386724836,0.3679566487168883,0.0,1.0,0.0,1.0,1.0,0.0,1.0,0.0,1.0,0.0,1.0,0.0,0.0,1.0,0.0,7140000
1.6921982107308051,-1.2835135870105665,-0.5579502955433145,-0.9124989093401775,0.3679566487168883,0.0,1.0,1.0,0.0,1.0,0.0,1.0,0.0,0.0,1.0,1.0,0.0,0.0,1.0,0.0,7070000
0.49317069320383744,1.394055427040185,1.539173229085006,0.2542152386724836,0.3679566487168883,0.0,1.0,1.0,0.0,1.0,0.0,1.0,0.0,0.0,1.0,1.0,0.0,1.0,0.0,0.0,7070000
0.5476719440005178,1.394055427040185,1.539173229085006,1.4209293866851447,1.5389719687210002,0.0,1.0,1.0,0.0,1.0,0.0,1.0,0.0,0.0,1.0,0.0,1.0,1.0,0.0,0.0,7035000
2.7345346322173167,0.055270920014809204,-0.5579502955433145,-0.9124989093401775,0.3679566487168883,0.0,1.0,1.0,0.0,0.0,1.0,1.0,0.0,0.0,1.0,0.0,1.0,1.0,0.0,0.0,7000000
1.6921982107308051,0.055270920014809204,1.539173229085006,0.2542152386724836,0.3679566487168883,0.0,1.0,1.0,0.0,0.0,1.0,1.0,0.0,0.0,1.0,1.0,0.0,1.0,0.0,0.0,6930000
3.6542432394112976,-1.2835135870105665,-0.5579502955433145,-0.9124989093401775,0.3679566487168883,0.0,1.0,1.0,0.0,0.0,1.0,0.0,1.0,1.0,0.0,1.0,0.0,1.0,0.0,0.0,6930000
1.1562692445634484,0.055270920014809204,1.539173229085006,-0.9124989093401775,1.5389719687210002,0.0,1.0,1.0,0.0,1.0,0.0,1.0,0.0,1.0,0.0,1.0,0.0,0.0,0.0,1.0,6895000
0.3841681916104767,0.055270920014809204,-0.5579502955433145,-0.9124989093401775,0.3679566487168883,0.0,1.0,1.0,0.0,1.0,0.0,1.0,0.0,0.0,1.0,1.0,0.0,1.0,0.0,0.0,6860000
3.150106669542004,1.394055427040185,1.539173229085006,0.2542152386724836,1.5389719687210002,0.0,1.0,1.0,0.0,1.0,0.0,1.0,0.0,1.0,0.0,0.0,1.0,1.0,0.0,0.0,6790000
-0.5241859883341957,0.055270920014809204,1.539173229085006,0.2542152386724836,-0.8030586712872236,0.0,1.0,1.0,0.0,0.0,1.0,1.0,0.0,0.0,1.0,0.0,1.0,0.0,1.0,0.0,6790000
0.3841681916104767,1.394055427040185,1.539173229085006,2.587643534697806,-0.8030586712872236,0.0,1.0,1.0,0.0,1.0,0.0,1.0,0.0,0.0,1.0,1.0,0.0,0.0,0.0,1.0,6755000
-0.06092535656241278,0.055270920014809204,-0.5579502955433145,2.587643534697806,-0.8030586712872236,0.0,1.0,1.0,0.0,1.0,0.0,1.0,0.0,0.0,1.0,0.0,1.0,0.0,0.0,1.0,6720000
0.6566744455938784,-1.2835135870105665,1.539173229085006,2.587643534697806,-0.8030586712872236,0.0,1.0,1.0,0.0,0.0,1.0,1.0,0.0,1.0,0.0,0.0,1.0,1.0,0.0,0.0,6685000
-0.5060189047353023,0.055270920014809204,-0.5579502955433145,0.2542152386724836,0.3679566487168883,0.0,1.0,1.0,0.0,0.0,1.0,0.0,1.0,1.0,0.0,1.0,0.0,1.0,0.0,0.0,6650000
-0.4060999449413883,1.394055427040185,1.539173229085006,0.2542152386724836,-0.8030586712872236,0.0,1.0,1.0,0.0,1.0,0.0,0.0,1.0,1.0,0.0,1.0,0.0,0.0,1.0,0.0,6650000
0.5749225693988579,0.055270920014809204,1.539173229085006,1.4209293866851447,-0.8030586712872236,0.0,1.0,1.0,0.0,1.0,0.0,1.0,0.0,0.0,1.0,0.0,1.0,1.0,0.0,0.0,6650000
0.6112567365966448,0.055270920014809204,1.539173229085006,1.4209293866851447,-0.8030586712872236,0.0,1.0,1.0,0.0,1.0,0.0,1.0,0.0,0.0,1.0,0.0,1.0,1.0,0.0,0.0,6650000
0.24791506461877585,0.055270920014809204,-0.5579502955433145,-0.9124989093401775,1.5389719687210002,0.0,1.0,0.0,1.0,0.0,1.0,1.0,0.0,0.0,1.0,0.0,1.0,1.0,0.0,0.0,6650000
0.3841681916104767,0.055270920014809204,1.539173229085006,1.4209293866851447,-0.8030586712872236,0.0,1.0,0.0,1.0,1.0,0.0,1.0,0.0,0.0,1.0,1.0,0.0,1.0,0.0,0.0,6650000
0.3841681916104767,0.055270920014809204,-0.5579502955433145,0.2542152386724836,0.3679566487168883,0.0,1.0,1.0,0.0,1.0,0.0,0.0,1.0,1.0,0.0,0.0,1.0,0.0,1.0,0.0,6629000
-0.5241859883341957,0.055270920014809204,1.539173229085006,0.2542152386724836,0.3679566487168883,0.0,1.0,1.0,0.0,0.0,1.0,1.0,0.0,0.0,1.0,1.0,0.0,0.0,1.0,0.0,6615000
2.42796509648599,0.055270920014809204,1.539173229085006,-0.9124989093401775,0.3679566487168883,0.0,1.0,1.0,0.0,0.0,1.0,1.0,0.0,0.0,1.0,0.0,1.0,1.0,0.0,0.0,6615000
0.3841681916104767,0.055270920014809204,1.539173229085006,2.587643534697806,-0.8030586712872236,0.0,1.0,1.0,0.0,1.0,0.0,1.0,0.0,0.0,1.0,1.0,0.0,0.0,1.0,0.0,6580000
-0.6331884899275564,0.055270920014809204,-0.5579502955433145,0.2542152386724836,1.5389719687210002,0.0,1.0,1.0,0.0,1.0,0.0,0.0,1.0,1.0,0.0,1.0,0.0,0.0,1.0,0.0,6510000
1.4060666440482332,0.055270920014809204,1.539173229085006,1.4209293866851447,-0.8030586712872236,0.0,1.0,1.0,0.0,1.0,0.0,1.0,0.0,0.0,1.0,1.0,0.0,1.0,0.0,0.0,6510000
0.688466841891942,0.055270920014809204,-0.5579502955433145,1.4209293866851447,-0.8030586712872236,0.0,1.0,1.0,0.0,0.0,1.0,1.0,0.0,1.0,0.0,0.0,1.0,0.0,0.0,1.0,6510000
-0.5423530719330891,0.055270920014809204,-0.5579502955433145,-0.9124989093401775,1.5389719687210002,0.0,1.0,1.0,0.0,0.0,1.0,1.0,0.0,1.0,0.0,1.0,0.0,0.0,1.0,0.0,6475000
1.0245578884714708,0.055270920014809204,-0.5579502955433145,-0.9124989093401775,1.5389719687210002,0.0,1.0,0.0,1.0,0.0,1.0,1.0,0.0,0.0,1.0,0.0,1.0,0.0,0.0,1.0,6475000
1.5559450837391042,2.7328399340655607,3.6362967537133266,0.2542152386724836,1.5389719687210002,0.0,1.0,1.0,0.0,1.0,0.0,1.0,0.0,1.0,0.0,1.0,0.0,1.0,0.0,0.0,6440000
-0.0700088983618595,0.055270920014809204,-0.5579502955433145,0.2542152386724836,-0.8030586712872236,0.0,1.0,1.0,0.0,1.0,0.0,1.0,0.0,0.0,1.0,1.0,0.0,0.0,1.0,0.0,6440000
0.7248010090897289,-1.2835135870105665,-0.5579502955433145,-0.9124989093401775,1.5389719687210002,0.0,1.0,0.0,1.0,0.0,1.0,1.0,0.0,1.0,0.0,0.0,1.0,1.0,0.0,0.0,6419000
-0.16084431635632676,0.055270920014809204,1.539173229085006,2.587643534697806,-0.8030586712872236,0.0,1.0,0.0,1.0,1.0,0.0,1.0,0.0,0.0,1.0,1.0,0.0,1.0,0.0,0.0,6405000
0.9291806995772802,0.055270920014809204,1.539173229085006,-0.9124989093401775,2.709987288725112,0.0,1.0,1.0,0.0,0.0,1.0,1.0,0.0,0.0,1.0,1.0,0.0,0.0,1.0,0.0,6300000
0.3841681916104767,1.394055427040185,1.539173229085006,2.587643534697806,0.3679566487168883,0.0,1.0,1.0,0.0,1.0,0.0,1.0,0.0,1.0,0.0,1.0,0.0,0.0,1.0,0.0,6300000
-0.4787682793369621,0.055270920014809204,1.539173229085006,1.4209293866851447,1.5389719687210002,0.0,1.0,1.0,0.0,1.0,0.0,1.0,0.0,0.0,1.0,1.0,0.0,0.0,1.0,0.0,6300000
1.7466994615274853,0.055270920014809204,-0.5579502955433145,-0.9124989093401775,0.3679566487168883,0.0,1.0,1.0,0.0,0.0,1.0,1.0,0.0,1.0,0.0,0.0,1.0,1.0,0.0,0.0,6300000
0.5658390275994112,0.055270920014809204,-0.5579502955433145,-0.9124989093401775,0.3679566487168883,0.0,1.0,0.0,1.0,0.0,1.0,1.0,0.0,0.0,1.0,0.0,1.0,0.0,1.0,0.0,6300000
0.6566744455938784,0.055270920014809204,1.539173229085006,1.4209293866851447,-0.8030586712872236,0.0,1.0,1.0,0.0,1.0,0.0,1.0,0.0,0.0,1.0,0.0,1.0,0.0,0.0,1.0,6293000
0.3841681916104767,1.394055427040185,-0.5579502955433145,1.4209293866851447,-0.8030586712872236,0.0,1.0,0.0,1.0,0.0,1.0,1.0,0.0,1.0,0.0,0.0,1.0,0.0,0.0,1.0,6265000
0.6566744455938784,0.055270920014809204,1.539173229085006,-0.9124989093401775,-0.8030586712872236,0.0,1.0,1.0,0.0,0.0,1.0,1.0,0.0,0.0,1.0,0.0,1.0,0.0,0.0,1.0,6230000
0.1570796466243086,0.055270920014809204,-0.5579502955433145,1.4209293866851447,0.3679566487168883,0.0,1.0,1.0,0.0,1.0,0.0,1.0,0.0,1.0,0.0,0.0,1.0,0.0,0.0,1.0,6230000
0.1570796466243086,0.055270920014809204,1.539173229085006,2.587643534697806,0.3679566487168883,0.0,1.0,0.0,1.0,1.0,0.0,1.0,0.0,0.0,1.0,1.0,0.0,0.0,1.0,0.0,6195000
0.5431301731007944,0.055270920014809204,1.539173229085006,1.4209293866851447,-0.8030586712872236,0.0,1.0,0.0,1.0,1.0,0.0,1.0,0.0,0.0,1.0,1.0,0.0,1.0,0.0,0.0,6195000
0.1570796466243086,0.055270920014809204,1.539173229085006,-0.9124989093401775,1.5389719687210002,0.0,1.0,0.0,1.0,0.0,1.0,1.0,0.0,1.0,0.0,0.0,1.0,1.0,0.0,0.0,6195000
-0.2970974433480276,0.055270920014809204,-0.5579502955433145,2.587643534697806,-0.8030586712872236,0.0,1.0,1.0,0.0,1.0,0.0,1.0,0.0,0.0,1.0,1.0,0.0,0.0,0.0,1.0,6160000
0.1343707921256918,1.394055427040185,1.539173229085006,-0.9124989093401775,-0.8030586712872236,0.0,1.0,1.0,0.0,0.0,1.0,1.0,0.0,0.0,1.0,0.0,1.0,0.0,1.0,0.0,6160000
0.5749225693988579,0.055270920014809204,-0.5579502955433145,1.4209293866851447,-0.8030586712872236,0.0,1.0,1.0,0.0,0.0,1.0,1.0,0.0,1.0,0.0,0.0,1.0,0.0,0.0,1.0,6125000
-0.8693605767131712,1.394055427040185,-0.5579502955433145,1.4209293866851447,0.3679566487168883,0.0,1.0,1.0,0.0,1.0,0.0,1.0,0.0,1.0,0.0,1.0,0.0,0.0,1.0,0.0,6107500
0.6634871019434635,1.394055427040185,1.539173229085006,0.2542152386724836,0.3679566487168883,0.0,1.0,0.0,1.0,1.0,0.0,0.0,1.0,1.0,0.0,1.0,0.0,0.0,1.0,0.0,6090000
0.6566744455938784,0.055270920014809204,-0.5579502955433145,-0.9124989093401775,1.5389719687210002,0.0,1.0,0.0,1.0,0.0,1.0,1.0,0.0,1.0,0.0,0.0,1.0,0.0,1.0,0.0,6090000
1.4614762490248583,0.055270920014809204,-0.5579502955433145,1.4209293866851447,1.5389719687210002,0.0,1.0,1.0,0.0,1.0,0.0,1.0,0.0,0.0,1.0,1.0,0.0,0.0,0.0,1.0,6090000
-0.3879328613424949,4.071624441090936,1.539173229085006,0.2542152386724836,-0.8030586712872236,0.0,1.0,1.0,0.0,1.0,0.0,1.0,0.0,1.0,0.0,1.0,0.0,1.0,0.0,0.0,6083000
2.028289257310334,0.055270920014809204,-0.5579502955433145,-0.9124989093401775,1.5389719687210002,0.0,1.0,1.0,0.0,0.0,1.0,1.0,0.0,1.0,0.0,0.0,1.0,1.0,0.0,0.0,6083000
0.7475098635883457,-1.2835135870105665,-0.5579502955433145,-0.9124989093401775,1.5389719687210002,0.0,1.0,0.0,1.0,0.0,1.0,1.0,0.0,1.0,0.0,1.0,0.0,1.0,0.0,0.0,6020000
1.2925223715551493,0.055270920014809204,-0.5579502955433145,-0.9124989093401775,1.5389719687210002,0.0,1.0,0.0,1.0,0.0,1.0,1.0,0.0,0.0,1.0,0.0,1.0,0.0,1.0,0.0,6020000
0.7929275725855793,0.055270920014809204,1.539173229085006,-0.9124989093401775,-0.8030586712872236,0.0,1.0,0.0,1.0,0.0,1.0,1.0,0.0,1.0,0.0,0.0,1.0,0.0,0.0,1.0,6020000
-0.6604391153258966,1.394055427040185,-0.5579502955433145,0.2542152386724836,-0.8030586712872236,0.0,1.0,0.0,1.0,1.0,0.0,1.0,0.0,0.0,1.0,1.0,0.0,1.0,0.0,0.0,5950000
0.5749225693988579,0.055270920014809204,-0.5579502955433145,-0.9124989093401775,-0.8030586712872236,0.0,1.0,1.0,0.0,0.0,1.0,1.0,0.0,0.0,1.0,0.0,1.0,1.0,0.0,0.0,5950000
0.8474288233822597,0.055270920014809204,-0.5579502955433145,-0.9124989093401775,1.5389719687210002,0.0,1.0,1.0,0.0,0.0,1.0,1.0,0.0,0.0,1.0,0.0,1.0,0.0,1.0,0.0,5950000
0.6294238201955383,0.055270920014809204,-0.5579502955433145,-0.9124989093401775,1.5389719687210002,0.0,1.0,0.0,1.0,0.0,1.0,1.0,0.0,1.0,0.0,0.0,1.0,1.0,0.0,0.0,5950000
0.9432601893664226,0.055270920014809204,-0.5579502955433145,0.2542152386724836,-0.8030586712872236,0.0,1.0,0.0,1.0,0.0,1.0,1.0,0.0,0.0,1.0,0.0,1.0,0.0,1.0,0.0,5950000
0.49952917246345013,1.394055427040185,1.539173229085006,-0.9124989093401775,0.3679566487168883,0.0,1.0,1.0,0.0,0.0,1.0,1.0,0.0,1.0,0.0,0.0,1.0,0.0,1.0,0.0,5950000
0.9836819503739606,1.394055427040185,1.539173229085006,0.2542152386724836,-0.8030586712872236,0.0,1.0,1.0,0.0,1.0,0.0,1.0,0.0,1.0,0.0,1.0,0.0,1.0,0.0,0.0,5950000
0.6226111638459533,0.055270920014809204,1.539173229085006,2.587643534697806,0.3679566487168883,0.0,1.0,1.0,0.0,1.0,0.0,1.0,0.0,1.0,0.0,1.0,0.0,1.0,0.0,0.0,5950000
4.744268255344904,0.055270920014809204,-0.5579502955433145,-0.9124989093401775,1.5389719687210002,0.0,1.0,1.0,0.0,1.0,0.0,1.0,0.0,0.0,1.0,1.0,0.0,0.0,1.0,0.0,5943000
0.9110136159783867,0.055270920014809204,-0.5579502955433145,-0.9124989093401775,1.5389719687210002,0.0,1.0,1.0,0.0,0.0,1.0,1.0,0.0,1.0,0.0,0.0,1.0,0.0,0.0,1.0,5880000
0.6112567365966448,0.055270920014809204,1.539173229085006,1.4209293866851447,-0.8030586712872236,0.0,1.0,1.0,0.0,1.0,0.0,1.0,0.0,0.0,1.0,1.0,0.0,0.0,0.0,1.0,5880000
0.1570796466243086,0.055270920014809204,-0.5579502955433145,1.4209293866851447,0.3679566487168883,0.0,1.0,0.0,1.0,1.0,0.0,1.0,0.0,0.0,1.0,1.0,0.0,1.0,0.0,0.0,5873000
2.8639751028594325,0.055270920014809204,-0.5579502955433145,1.4209293866851447,1.5389719687210002,0.0,1.0,1.0,0.0,1.0,0.0,1.0,0.0,1.0,0.0,0.0,1.0,0.0,1.0,0.0,5873000
-0.16084431635632676,0.055270920014809204,-0.5579502955433145,-0.9124989093401775,-0.8030586712872236,0.0,1.0,0.0,1.0,0.0,1.0,1.0,0.0,1.0,0.0,1.0,0.0,0.0,0.0,1.0,5866000
0.3060497321352349,1.394055427040185,-0.5579502955433145,2.587643534697806,-0.8030586712872236,0.0,1.0,0.0,1.0,1.0,0.0,1.0,0.0,1.0,0.0,1.0,0.0,0.0,1.0,0.0,5810000
0.02082651963260774,0.055270920014809204,-0.5579502955433145,1.4209293866851447,-0.8030586712872236,0.0,1.0,1.0,0.0,1.0,0.0,1.0,0.0,0.0,1.0,1.0,0.0,0.0,1.0,0.0,5810000
-0.16084431635632676,0.055270920014809204,-0.5579502955433145,1.4209293866851447,-0.8030586712872236,0.0,1.0,1.0,0.0,1.0,0.0,1.0,0.0,0.0,1.0,1.0,0.0,0.0,0.0,1.0,5810000
0.838345281582813,0.055270920014809204,-0.5579502955433145,-0.9124989093401775,1.5389719687210002,0.0,1.0,1.0,0.0,0.0,1.0,1.0,0.0,1.0,0.0,0.0,1.0,0.0,1.0,0.0,5803000
0.3841681916104767,0.055270920014809204,1.539173229085006,2.587643534697806,-0.8030586712872236,0.0,1.0,1.0,0.0,1.0,0.0,1.0,0.0,0.0,1.0,1.0,0.0,0.0,0.0,1.0,5775000
0.11166193762707498,1.394055427040185,1.539173229085006,0.2542152386724836,1.5389719687210002,0.0,1.0,1.0,0.0,1.0,0.0,1.0,0.0,0.0,1.0,1.0,0.0,0.0,0.0,1.0,5740000
-0.23351265075190056,1.394055427040185,-0.5579502955433145,0.2542152386724836,0.3679566487168883,0.0,1.0,1.0,0.0,1.0,0.0,1.0,0.0,1.0,0.0,1.0,0.0,0.0,1.0,0.0,5740000
-0.0700088983618595,0.055270920014809204,-0.5579502955433145,1.4209293866851447,-0.8030586712872236,0.0,1.0,1.0,0.0,1.0,0.0,1.0,0.0,0.0,1.0,1.0,0.0,0.0,1.0,0.0,5740000
0.5476719440005178,0.055270920014809204,-0.5579502955433145,-0.9124989093401775,1.5389719687210002,0.0,1.0,0.0,1.0,0.0,1.0,1.0,0.0,0.0,1.0,0.0,1.0,1.0,0.0,0.0,5740000
0.29333277361600946,0.055270920014809204,1.539173229085006,2.587643534697806,-0.8030586712872236,0.0,1.0,1.0,0.0,1.0,0.0,1.0,0.0,0.0,1.0,1.0,0.0,0.0,0.0,1.0,5740000
0.6839250709922187,1.394055427040185,1.539173229085006,0.2542152386724836,0.3679566487168883,0.0,1.0,0.0,1.0,0.0,1.0,1.0,0.0,1.0,0.0,0.0,1.0,0.0,1.0,0.0,5652500
2.42796509648599,1.394055427040185,1.539173229085006,0.2542152386724836,0.3679566487168883,0.0,1.0,1.0,0.0,1.0,0.0,1.0,0.0,1.0,0.0,1.0,0.0,0.0,1.0,0.0,5600000
-0.16084431635632676,2.7328399340655607,1.539173229085006,1.4209293866851447,-0.8030586712872236,1.0,0.0,1.0,0.0,0.0,1.0,0.0,1.0,1.0,0.0,1.0,0.0,0.0,0.0,1.0,5600000
-0.20626202535356036,1.394055427040185,-0.5579502955433145,0.2542152386724836,0.3679566487168883,0.0,1.0,0.0,1.0,0.0,1.0,1.0,0.0,0.0,1.0,1.0,0.0,1.0,0.0,0.0,5600000
-0.0700088983618595,0.055270920014809204,-0.5579502955433145,2.587643534697806,-0.8030586712872236,0.0,1.0,1.0,0.0,1.0,0.0,1.0,0.0,1.0,0.0,1.0,0.0,1.0,0.0,0.0,5600000
2.42796509648599,-1.2835135870105665,-0.5579502955433145,-0.9124989093401775,0.3679566487168883,0.0,1.0,1.0,0.0,1.0,0.0,1.0,0.0,1.0,0.0,1.0,0.0,0.0,1.0,0.0,5600000
0.1570796466243086,0.055270920014809204,1.539173229085006,0.2542152386724836,0.3679566487168883,0.0,1.0,1.0,0.0,1.0,0.0,1.0,0.0,1.0,0.0,1.0,0.0,0.0,1.0,0.0,5600000
0.5476719440005178,0.055270920014809204,-0.5579502955433145,1.4209293866851447,-0.8030586712872236,0.0,1.0,1.0,0.0,1.0,0.0,1.0,0.0,1.0,0.0,0.0,1.0,0.0,1.0,0.0,5600000
0.6566744455938784,1.394055427040185,1.539173229085006,-0.9124989093401775,-0.8030586712872236,0.0,1.0,1.0,0.0,0.0,1.0,1.0,0.0,1.0,0.0,0.0,1.0,0.0,1.0,0.0,5600000
-0.00824081412562178,0.055270920014809204,-0.5579502955433145,0.2542152386724836,-0.8030586712872236,0.0,1.0,0.0,1.0,0.0,1.0,1.0,0.0,0.0,1.0,0.0,1.0,0.0,0.0,1.0,5600000
-0.34251515234526125,1.394055427040185,-0.5579502955433145,0.2542152386724836,1.5389719687210002,0.0,1.0,1.0,0.0,1.0,0.0,1.0,0.0,0.0,1.0,0.0,1.0,0.0,1.0,0.0,5565000
0.11166193762707498,2.7328399340655607,-0.5579502955433145,0.2542152386724836,-0.8030586712872236,0.0,1.0,0.0,1.0,0.0,1.0,1.0,0.0,0.0,1.0,0.0,1.0,1.0,0.0,0.0,5565000
-0.8421099513148311,0.055270920014809204,3.6362967537133266,0.2542152386724836,-0.8030586712872236,0.0,1.0,1.0,0.0,0.0,1.0,1.0,0.0,1.0,0.0,1.0,0.0,0.0,1.0,0.0,5530000
-0.6831479698245134,0.055270920014809204,1.539173229085006,0.2542152386724836,1.5389719687210002,0.0,1.0,1.0,0.0,1.0,0.0,1.0,0.0,1.0,0.0,1.0,0.0,0.0,1.0,0.0,5530000
0.42958590060771035,0.055270920014809204,1.539173229085006,-0.9124989093401775,1.5389719687210002,0.0,1.0,1.0,0.0,0.0,1.0,1.0,0.0,1.0,0.0,0.0,1.0,1.0,0.0,0.0,5530000
0.7929275725855793,0.055270920014809204,-0.5579502955433145,-0.9124989093401775,-0.8030586712872236,0.0,1.0,0.0,1.0,0.0,1.0,1.0,0.0,1.0,0.0,0.0,1.0,0.0,1.0,0.0,5523000
-1.0614774857714695,1.394055427040185,1.539173229085006,0.2542152386724836,0.3679566487168883,1.0,0.0,0.0,1.0,0.0,1.0,1.0,0.0,1.0,0.0,1.0,0.0,1.0,0.0,0.0,5495000
1.2834388297557024,0.055270920014809204,-0.5579502955433145,-0.9124989093401775,1.5389719687210002,0.0,1.0,1.0,0.0,1.0,0.0,1.0,0.0,1.0,0.0,1.0,0.0,0.0,1.0,0.0,5495000
-0.9102365148106816,0.055270920014809204,1.539173229085006,-0.9124989093401775,-0.8030586712872236,0.0,1.0,0.0,1.0,0.0,1.0,1.0,0.0,0.0,1.0,1.0,0.0,1.0,0.0,0.0,5460000
0.47954538050466733,1.394055427040185,-0.5579502955433145,2.587643534697806,-0.8030586712872236,0.0,1.0,0.0,1.0,1.0,0.0,1.0,0.0,0.0,1.0,1.0,0.0,1.0,0.0,0.0,5460000
0.42958590060771035,0.055270920014809204,-0.5579502955433145,1.4209293866851447,-0.8030586712872236,0.0,1.0,0.0,1.0,1.0,0.0,1.0,0.0,0.0,1.0,0.0,1.0,0.0,1.0,0.0,5460000
0.6566744455938784,1.394055427040185,1.539173229085006,0.2542152386724836,-0.8030586712872236,0.0,1.0,0.0,1.0,0.0,1.0,1.0,0.0,1.0,0.0,0.0,1.0,0.0,1.0,0.0,5460000
0.758864290837654,0.055270920014809204,-0.5579502955433145,-0.9124989093401775,-0.8030586712872236,0.0,1.0,0.0,1.0,0.0,1.0,1.0,0.0,0.0,1.0,0.0,1.0,0.0,1.0,0.0,5425000
0.7066339254908355,0.055270920014809204,1.539173229085006,0.2542152386724836,0.3679566487168883,0.0,1.0,0.0,1.0,0.0,1.0,1.0,0.0,1.0,0.0,0.0,1.0,1.0,0.0,0.0,5390000
0.588547882098028,0.055270920014809204,1.539173229085006,-0.9124989093401775,-0.8030586712872236,0.0,1.0,0.0,1.0,0.0,1.0,0.0,1.0,1.0,0.0,1.0,0.0,0.0,0.0,1.0,5383000
1.201686953560682,0.055270920014809204,-0.5579502955433145,-0.9124989093401775,1.5389719687210002,0.0,1.0,1.0,0.0,0.0,1.0,1.0,0.0,0.0,1.0,0.0,1.0,0.0,0.0,1.0,5320000
-0.251679734350794,-1.2835135870105665,1.539173229085006,-0.9124989093401775,1.5389719687210002,0.0,1.0,1.0,0.0,1.0,0.0,1.0,0.0,0.0,1.0,1.0,0.0,0.0,1.0,0.0,5285000
-0.4060999449413883,1.394055427040185,-0.5579502955433145,0.2542152386724836,-0.8030586712872236,0.0,1.0,1.0,0.0,0.0,1.0,1.0,0.0,0.0,1.0,1.0,0.0,1.0,0.0,0.0,5250000
0.6294238201955383,1.394055427040185,1.539173229085006,0.2542152386724836,-0.8030586712872236,1.0,0.0,1.0,0.0,1.0,0.0,1.0,0.0,0.0,1.0,1.0,0.0,0.0,1.0,0.0,5250000
0.1570796466243086,0.055270920014809204,1.539173229085006,-0.9124989093401775,-0.8030586712872236,0.0,1.0,1.0,0.0,0.0,1.0,1.0,0.0,1.0,0.0,1.0,0.0,0.0,1.0,0.0,5250000
2.3230501887023802,0.055270920014809204,-0.5579502955433145,-0.9124989093401775,0.3679566487168883,0.0,1.0,1.0,0.0,1.0,0.0,1.0,0.0,1.0,0.0,0.0,1.0,0.0,1.0,0.0,5250000
1.4741932075440836,0.055270920014809204,-0.5579502955433145,0.2542152386724836,1.5389719687210002,0.0,1.0,0.0,1.0,0.0,1.0,1.0,0.0,0.0,1.0,0.0,1.0,0.0,0.0,1.0,5250000
0.06624422862984136,1.394055427040185,1.539173229085006,-0.9124989093401775,-0.8030586712872236,0.0,1.0,1.0,0.0,1.0,0.0,1.0,0.0,0.0,1.0,0.0,1.0,0.0,0.0,1.0,5250000
-0.615021406328663,0.055270920014809204,-0.5579502955433145,0.2542152386724836,0.3679566487168883,0.0,1.0,0.0,1.0,0.0,1.0,1.0,0.0,1.0,0.0,0.0,1.0,0.0,0.0,1.0,5250000
2.110041133505354,1.394055427040185,1.539173229085006,0.2542152386724836,1.5389719687210002,0.0,1.0,0.0,1.0,1.0,0.0,1.0,0.0,1.0,0.0,1.0,0.0,0.0,1.0,0.0,5250000
1.528694458340764,0.055270920014809204,-0.5579502955433145,-0.9124989093401775,1.5389719687210002,0.0,1.0,1.0,0.0,1.0,0.0,1.0,0.0,0.0,1.0,1.0,0.0,1.0,0.0,0.0,5250000
0.40687704610909353,0.055270920014809204,-0.5579502955433145,-0.9124989093401775,-0.8030586712872236,0.0,1.0,1.0,0.0,0.0,1.0,1.0,0.0,1.0,0.0,0.0,1.0,0.0,1.0,0.0,5243000
0.8769503342304615,0.055270920014809204,-0.5579502955433145,-0.9124989093401775,1.5389719687210002,0.0,1.0,0.0,1.0,0.0,1.0,1.0,0.0,1.0,0.0,0.0,1.0,0.0,1.0,0.0,5229000
-0.8966112021115115,0.055270920014809204,1.539173229085006,0.2542152386724836,1.5389719687210002,0.0,1.0,1.0,0.0,1.0,0.0,1.0,0.0,1.0,0.0,1.0,0.0,0.0,1.0,0.0,5215000
-0.2970974433480276,1.394055427040185,1.539173229085006,-0.9124989093401775,1.5389719687210002,1.0,0.0,1.0,0.0,0.0,1.0,1.0,0.0,0.0,1.0,1.0,0.0,0.0,1.0,0.0,5215000
0.9291806995772802,0.055270920014809204,-0.5579502955433145,0.2542152386724836,0.3679566487168883,0.0,1.0,0.0,1.0,0.0,1.0,1.0,0.0,1.0,0.0,0.0,1.0,1.0,0.0,0.0,5215000
-0.7921504714178741,0.055270920014809204,-0.5579502955433145,0.2542152386724836,-0.8030586712872236,1.0,0.0,1.0,0.0,1.0,0.0,1.0,0.0,0.0,1.0,1.0,0.0,0.0,1.0,0.0,5145000
1.2834388297557024,0.055270920014809204,-0.5579502955433145,-0.9124989093401775,0.3679566487168883,0.0,1.0,1.0,0.0,1.0,0.0,1.0,0.0,1.0,0.0,0.0,1.0,0.0,1.0,0.0,5145000
-0.9783630783065319,0.055270920014809204,1.539173229085006,0.2542152386724836,-0.8030586712872236,0.0,1.0,0.0,1.0,0.0,1.0,1.0,0.0,1.0,0.0,1.0,0.0,1.0,0.0,0.0,5110000
-0.9783630783065319,0.055270920014809204,-0.5579502955433145,0.2542152386724836,-0.8030586712872236,0.0,1.0,1.0,0.0,0.0,1.0,1.0,0.0,1.0,0.0,1.0,0.0,0.0,0.0,1.0,5110000
2.8412662483608155,-1.2835135870105665,-0.5579502955433145,0.2542152386724836,-0.8030586712872236,0.0,1.0,1.0,0.0,1.0,0.0,1.0,0.0,1.0,0.0,0.0,1.0,1.0,0.0,0.0,5110000
0.42958590060771035,0.055270920014809204,-0.5579502955433145,-0.9124989093401775,-0.8030586712872236,0.0,1.0,1.0,0.0,0.0,1.0,1.0,0.0,0.0,1.0,0.0,1.0,0.0,1.0,0.0,5110000
0.2569986064182226,-1.2835135870105665,-0.5579502955433145,0.2542152386724836,-0.8030586712872236,0.0,1.0,1.0,0.0,1.0,0.0,1.0,0.0,0.0,1.0,0.0,1.0,0.0,0.0,1.0,5075000
-0.7331074497214704,-1.2835135870105665,-0.5579502955433145,-0.9124989093401775,-0.8030586712872236,1.0,0.0,0.0,1.0,0.0,1.0,1.0,0.0,1.0,0.0,1.0,0.0,0.0,1.0,0.0,5040000
1.1108515355662147,1.394055427040185,-0.5579502955433145,0.2542152386724836,1.5389719687210002,0.0,1.0,1.0,0.0,1.0,0.0,1.0,0.0,0.0,1.0,1.0,0.0,1.0,0.0,0.0,5040000
2.518800514480457,0.055270920014809204,-0.5579502955433145,0.2542152386724836,-0.8030586712872236,0.0,1.0,0.0,1.0,0.0,1.0,1.0,0.0,1.0,0.0,1.0,0.0,0.0,1.0,0.0,5040000
0.6566744455938784,0.055270920014809204,-0.5579502955433145,-0.9124989093401775,-0.8030586712872236,0.0,1.0,0.0,1.0,0.0,1.0,1.0,0.0,1.0,0.0,0.0,1.0,1.0,0.0,0.0,5040000
-0.16084431635632676,-1.2835135870105665,-0.5579502955433145,-0.9124989093401775,-0.8030586712872236,0.0,1.0,0.0,1.0,0.0,1.0,1.0,0.0,1.0,0.0,1.0,0.0,0.0,1.0,0.0,5033000
1.3606489350509996,0.055270920014809204,1.539173229085006,-0.9124989093401775,-0.8030586712872236,0.0,1.0,0.0,1.0,0.0,1.0,1.0,0.0,1.0,0.0,1.0,0.0,0.0,1.0,0.0,5005000
-0.3379733814455379,1.394055427040185,3.6362967537133266,0.2542152386724836,1.5389719687210002,0.0,1.0,1.0,0.0,0.0,1.0,1.0,0.0,1.0,0.0,1.0,0.0,0.0,1.0,0.0,4970000
1.1499107653038356,0.055270920014809204,-0.5579502955433145,-0.9124989093401775,-0.8030586712872236,0.0,1.0,0.0,1.0,0.0,1.0,0.0,1.0,1.0,0.0,1.0,0.0,0.0,1.0,0.0,4970000
-1.0691984963009993,0.055270920014809204,1.539173229085006,0.2542152386724836,0.3679566487168883,1.0,0.0,1.0,0.0,0.0,1.0,1.0,0.0,0.0,1.0,1.0,0.0,0.0,1.0,0.0,4956000
0.36055098293191523,0.055270920014809204,-0.5579502955433145,0.2542152386724836,-0.8030586712872236,0.0,1.0,1.0,0.0,1.0,0.0,1.0,0.0,0.0,1.0,1.0,0.0,0.0,1.0,0.0,4935000
-0.4333505703397285,0.055270920014809204,-0.5579502955433145,0.2542152386724836,0.3679566487168883,0.0,1.0,1.0,0.0,1.0,0.0,1.0,0.0,1.0,0.0,1.0,0.0,1.0,0.0,0.0,4907000
-0.2880139015485809,0.055270920014809204,-0.5579502955433145,0.2542152386724836,-0.8030586712872236,0.0,1.0,1.0,0.0,0.0,1.0,1.0,0.0,0.0,1.0,1.0,0.0,0.0,1.0,0.0,4900000
-0.4810391647868238,0.055270920014809204,-0.5579502955433145,0.2542152386724836,-0.8030586712872236,1.0,0.0,0.0,1.0,0.0,1.0,1.0,0.0,0.0,1.0,1.0,0.0,0.0,1.0,0.0,4900000
-0.4696847375375154,-1.2835135870105665,-0.5579502955433145,-0.9124989093401775,0.3679566487168883,0.0,1.0,1.0,0.0,0.0,1.0,1.0,0.0,1.0,0.0,1.0,0.0,0.0,1.0,0.0,4900000
0.11166193762707498,1.394055427040185,-0.5579502955433145,0.2542152386724836,-0.8030586712872236,0.0,1.0,1.0,0.0,1.0,0.0,1.0,0.0,1.0,0.0,1.0,0.0,0.0,1.0,0.0,4900000
-0.17446962905549684,0.055270920014809204,-0.5579502955433145,-0.9124989093401775,-0.8030586712872236,0.0,1.0,0.0,1.0,0.0,1.0,1.0,0.0,1.0,0.0,1.0,0.0,0.0,1.0,0.0,4900000
0.5204213186021776,0.055270920014809204,-0.5579502955433145,-0.9124989093401775,1.5389719687210002,0.0,1.0,1.0,0.0,1.0,0.0,1.0,0.0,0.0,1.0,1.0,0.0,0.0,1.0,0.0,4900000
0.29333277361600946,-1.2835135870105665,-0.5579502955433145,-0.9124989093401775,-0.8030586712872236,0.0,1.0,0.0,1.0,0.0,1.0,1.0,0.0,0.0,1.0,1.0,0.0,0.0,1.0,0.0,4900000
-0.9783630783065319,0.055270920014809204,-0.5579502955433145,0.2542152386724836,-0.8030586712872236,0.0,1.0,1.0,0.0,0.0,1.0,1.0,0.0,0.0,1.0,1.0,0.0,0.0,1.0,0.0,4900000
-0.991988391005702,0.055270920014809204,-0.5579502955433145,1.4209293866851447,-0.8030586712872236,0.0,1.0,1.0,0.0,1.0,0.0,1.0,0.0,1.0,0.0,1.0,0.0,0.0,1.0,0.0,4900000
0.7111756963905588,0.055270920014809204,-0.5579502955433145,-0.9124989093401775,-0.8030586712872236,0.0,1.0,1.0,0.0,1.0,0.0,1.0,0.0,1.0,0.0,1.0,0.0,0.0,0.0,1.0,4900000
-0.23078758821206652,0.055270920014809204,-0.5579502955433145,0.2542152386724836,1.5389719687210002,0.0,1.0,0.0,1.0,0.0,1.0,1.0,0.0,1.0,0.0,1.0,0.0,0.0,1.0,0.0,4900000
3.5179901124195965,0.055270920014809204,-0.5579502955433145,-0.9124989093401775,1.5389719687210002,0.0,1.0,1.0,0.0,1.0,0.0,1.0,0.0,1.0,0.0,1.0,0.0,1.0,0.0,0.0,4900000
-0.7876087005181508,1.394055427040185,1.539173229085006,0.2542152386724836,1.5389719687210002,0.0,1.0,1.0,0.0,0.0,1.0,1.0,0.0,0.0,1.0,1.0,0.0,0.0,1.0,0.0,4893000
-0.07227978381172119,1.394055427040185,1.539173229085006,-0.9124989093401775,-0.8030586712872236,0.0,1.0,1.0,0.0,0.0,1.0,1.0,0.0,1.0,0.0,1.0,0.0,0.0,1.0,0.0,4893000
-0.36522400684387807,-1.2835135870105665,-0.5579502955433145,-0.9124989093401775,-0.8030586712872236,0.0,1.0,1.0,0.0,0.0,1.0,1.0,0.0,1.0,0.0,1.0,0.0,0.0,0.0,1.0,4865000
-0.4515176539386219,0.055270920014809204,-0.5579502955433145,1.4209293866851447,-0.8030586712872236,0.0,1.0,1.0,0.0,1.0,0.0,1.0,0.0,1.0,0.0,1.0,0.0,0.0,0.0,1.0,4830000
0.4023352752093702,0.055270920014809204,-0.5579502955433145,-0.9124989093401775,1.5389719687210002,0.0,1.0,1.0,0.0,1.0,0.0,1.0,0.0,1.0,0.0,0.0,1.0,0.0,1.0,0.0,4830000
0.7756688431666305,0.055270920014809204,-0.5579502955433145,0.2542152386724836,1.5389719687210002,0.0,1.0,1.0,0.0,1.0,0.0,1.0,0.0,0.0,1.0,0.0,1.0,1.0,0.0,0.0,4830000
-0.1540316600067417,-1.2835135870105665,-0.5579502955433145,-0.9124989093401775,-0.8030586712872236,0.0,1.0,1.0,0.0,1.0,0.0,1.0,0.0,0.0,1.0,0.0,1.0,0.0,1.0,0.0,4830000
0.838345281582813,0.055270920014809204,-0.5579502955433145,0.2542152386724836,-0.8030586712872236,0.0,1.0,1.0,0.0,0.0,1.0,1.0,0.0,1.0,0.0,1.0,0.0,0.0,0.0,1.0,4795000
1.337940080552383,1.394055427040185,-0.5579502955433145,2.587643534697806,1.5389719687210002,0.0,1.0,1.0,0.0,0.0,1.0,1.0,0.0,0.0,1.0,1.0,0.0,0.0,1.0,0.0,4795000
-0.7876087005181508,1.394055427040185,1.539173229085006,0.2542152386724836,-0.8030586712872236,0.0,1.0,1.0,0.0,1.0,0.0,1.0,0.0,1.0,0.0,1.0,0.0,0.0,1.0,0.0,4767000
1.8220928584628933,-1.2835135870105665,-0.5579502955433145,-0.9124989093401775,1.5389719687210002,0.0,1.0,1.0,0.0,0.0,1.0,1.0,0.0,0.0,1.0,1.0,0.0,0.0,1.0,0.0,4760000
0.5299590374915967,0.055270920014809204,-0.5579502955433145,0.2542152386724836,0.3679566487168883,0.0,1.0,1.0,0.0,0.0,1.0,1.0,0.0,0.0,1.0,1.0,0.0,1.0,0.0,0.0,4760000
2.3098790530931823,-1.2835135870105665,-0.5579502955433145,-0.9124989093401775,1.5389719687210002,0.0,1.0,1.0,0.0,1.0,0.0,1.0,0.0,0.0,1.0,0.0,1.0,0.0,0.0,1.0,4760000
0.5840061111983047,-1.2835135870105665,-0.5579502955433145,-0.9124989093401775,2.709987288725112,0.0,1.0,1.0,0.0,1.0,0.0,1.0,0.0,0.0,1.0,1.0,0.0,0.0,1.0,0.0,4753000
0.007201206933437653,0.055270920014809204,-0.5579502955433145,2.587643534697806,-0.8030586712872236,0.0,1.0,1.0,0.0,1.0,0.0,1.0,0.0,0.0,1.0,1.0,0.0,0.0,1.0,0.0,4690000
0.3841681916104767,-1.2835135870105665,-0.5579502955433145,-0.9124989093401775,0.3679566487168883,0.0,1.0,1.0,0.0,0.0,1.0,1.0,0.0,0.0,1.0,1.0,0.0,1.0,0.0,0.0,4690000
-0.6922315116239601,0.055270920014809204,-0.5579502955433145,0.2542152386724836,1.5389719687210002,0.0,1.0,1.0,0.0,1.0,0.0,1.0,0.0,1.0,0.0,1.0,0.0,0.0,1.0,0.0,4690000
2.0496355805390336,1.394055427040185,1.539173229085006,0.2542152386724836,0.3679566487168883,0.0,1.0,0.0,1.0,0.0,1.0,1.0,0.0,1.0,0.0,1.0,0.0,0.0,1.0,0.0,4690000
0.11166193762707498,-1.2835135870105665,-0.5579502955433145,0.2542152386724836,-0.8030586712872236,0.0,1.0,1.0,0.0,1.0,0.0,1.0,0.0,1.0,0.0,0.0,1.0,0.0,1.0,0.0,4690000
-0.3788493195430481,0.055270920014809204,-0.5579502955433145,-0.9124989093401775,-0.8030586712872236,0.0,1.0,1.0,0.0,1.0,0.0,1.0,0.0,1.0,0.0,0.0,1.0,0.0,1.0,0.0,4690000
-0.6400011462771414,0.055270920014809204,-0.5579502955433145,0.2542152386724836,-0.8030586712872236,0.0,1.0,1.0,0.0,0.0,1.0,1.0,0.0,1.0,0.0,1.0,0.0,1.0,0.0,0.0,4655000
-0.4515176539386219,0.055270920014809204,-0.5579502955433145,-0.9124989093401775,-0.8030586712872236,0.0,1.0,0.0,1.0,0.0,1.0,1.0,0.0,0.0,1.0,1.0,0.0,0.0,0.0,1.0,4620000
-0.578687239130876,0.055270920014809204,1.539173229085006,0.2542152386724836,1.5389719687210002,0.0,1.0,1.0,0.0,0.0,1.0,1.0,0.0,1.0,0.0,1.0,0.0,0.0,1.0,0.0,4620000
0.23883152281932912,0.055270920014809204,-0.5579502955433145,0.2542152386724836,0.3679566487168883,0.0,1.0,0.0,1.0,1.0,0.0,1.0,0.0,0.0,1.0,1.0,0.0,0.0,1.0,0.0,4620000
-1.0374061000029358,-1.2835135870105665,-0.5579502955433145,0.2542152386724836,-0.8030586712872236,0.0,1.0,0.0,1.0,0.0,1.0,1.0,0.0,1.0,0.0,0.0,1.0,0.0,1.0,0.0,4620000
-0.06546712746213615,0.055270920014809204,-0.5579502955433145,0.2542152386724836,-0.8030586712872236,0.0,1.0,1.0,0.0,0.0,1.0,1.0,0.0,1.0,0.0,1.0,0.0,0.0,1.0,0.0,4620000
-0.29255567244830427,1.394055427040185,1.539173229085006,0.2542152386724836,-0.8030586712872236,0.0,1.0,1.0,0.0,0.0,1.0,1.0,0.0,1.0,0.0,1.0,0.0,0.0,1.0,0.0,4613000
-0.5241859883341957,0.055270920014809204,-0.5579502955433145,0.2542152386724836,0.3679566487168883,0.0,1.0,1.0,0.0,1.0,0.0,1.0,0.0,1.0,0.0,1.0,0.0,1.0,0.0,0.0,4585000
-0.5968543227297696,0.055270920014809204,-0.5579502955433145,0.2542152386724836,0.3679566487168883,0.0,1.0,1.0,0.0,1.0,0.0,1.0,0.0,1.0,0.0,0.0,1.0,0.0,1.0,0.0,4585000
-0.6331884899275564,0.055270920014809204,-0.5579502955433145,-0.9124989093401775,1.5389719687210002,0.0,1.0,1.0,0.0,1.0,0.0,1.0,0.0,1.0,0.0,1.0,0.0,0.0,1.0,0.0,4550000
-0.6876897407242367,0.055270920014809204,-0.5579502955433145,0.2542152386724836,-0.8030586712872236,0.0,1.0,1.0,0.0,1.0,0.0,1.0,0.0,0.0,1.0,1.0,0.0,1.0,0.0,0.0,4550000
-1.1827427687940832,0.055270920014809204,-0.5579502955433145,0.2542152386724836,-0.8030586712872236,0.0,1.0,1.0,0.0,0.0,1.0,1.0,0.0,1.0,0.0,1.0,0.0,1.0,0.0,0.0,4550000
0.0753277704292881,0.055270920014809204,-0.5579502955433145,0.2542152386724836,-0.8030586712872236,0.0,1.0,0.0,1.0,0.0,1.0,1.0,0.0,1.0,0.0,0.0,1.0,0.0,1.0,0.0,4550000
0.09349485402818153,0.055270920014809204,-0.5579502955433145,0.2542152386724836,1.5389719687210002,0.0,1.0,1.0,0.0,1.0,0.0,1.0,0.0,1.0,0.0,0.0,1.0,0.0,0.0,1.0,4550000
-0.7421909915209172,0.055270920014809204,-0.5579502955433145,-0.9124989093401775,-0.8030586712872236,0.0,1.0,1.0,0.0,1.0,0.0,1.0,0.0,1.0,0.0,0.0,1.0,0.0,1.0,0.0,4550000
1.4741932075440836,1.394055427040185,-0.5579502955433145,2.587643534697806,2.709987288725112,0.0,1.0,1.0,0.0,1.0,0.0,1.0,0.0,1.0,0.0,1.0,0.0,0.0,0.0,1.0,4550000
-0.4787682793369621,-1.2835135870105665,1.539173229085006,-0.9124989093401775,-0.8030586712872236,0.0,1.0,0.0,1.0,0.0,1.0,1.0,0.0,1.0,0.0,1.0,0.0,0.0,1.0,0.0,4543000
-0.07455066926158287,1.394055427040185,1.539173229085006,0.2542152386724836,-0.8030586712872236,0.0,1.0,0.0,1.0,0.0,1.0,1.0,0.0,1.0,0.0,0.0,1.0,1.0,0.0,0.0,4543000
-0.7467327624206405,0.055270920014809204,-0.5579502955433145,1.4209293866851447,-0.8030586712872236,0.0,1.0,1.0,0.0,1.0,0.0,1.0,0.0,1.0,0.0,1.0,0.0,0.0,1.0,0.0,4515000
-0.7739833878189807,0.055270920014809204,-0.5579502955433145,0.2542152386724836,0.3679566487168883,0.0,1.0,1.0,0.0,0.0,1.0,1.0,0.0,1.0,0.0,1.0,0.0,0.0,1.0,0.0,4515000
2.1372917589036944,0.055270920014809204,-0.5579502955433145,-0.9124989093401775,-0.8030586712872236,0.0,1.0,1.0,0.0,1.0,0.0,1.0,0.0,1.0,0.0,1.0,0.0,0.0,1.0,0.0,4515000
-0.7421909915209172,-1.2835135870105665,-0.5579502955433145,0.2542152386724836,-0.8030586712872236,0.0,1.0,1.0,0.0,1.0,0.0,1.0,0.0,1.0,0.0,0.0,1.0,1.0,0.0,0.0,4515000
-0.29255567244830427,1.394055427040185,-0.5579502955433145,0.2542152386724836,1.5389719687210002,0.0,1.0,1.0,0.0,1.0,0.0,1.0,0.0,0.0,1.0,1.0,0.0,0.0,1.0,0.0,4480000
0.33193782626365803,-1.2835135870105665,-0.5579502955433145,-0.9124989093401775,0.3679566487168883,0.0,1.0,1.0,0.0,1.0,0.0,1.0,0.0,0.0,1.0,1.0,0.0,0.0,0.0,1.0,4480000
-0.5241859883341957,0.055270920014809204,-0.5579502955433145,0.2542152386724836,1.5389719687210002,0.0,1.0,1.0,0.0,1.0,0.0,1.0,0.0,1.0,0.0,1.0,0.0,1.0,0.0,0.0,4480000
1.4060666440482332,0.055270920014809204,-0.5579502955433145,-0.9124989093401775,-0.8030586712872236,0.0,1.0,1.0,0.0,1.0,0.0,1.0,0.0,1.0,0.0,1.0,0.0,1.0,0.0,0.0,4480000
-0.5060189047353023,0.055270920014809204,-0.5579502955433145,0.2542152386724836,0.3679566487168883,0.0,1.0,1.0,0.0,1.0,0.0,1.0,0.0,1.0,0.0,1.0,0.0,0.0,1.0,0.0,4480000
0.5476719440005178,-1.2835135870105665,-0.5579502955433145,-0.9124989093401775,0.3679566487168883,0.0,1.0,1.0,0.0,0.0,1.0,1.0,0.0,0.0,1.0,1.0,0.0,1.0,0.0,0.0,4473000
-0.9047863897310134,0.055270920014809204,-0.5579502955433145,0.2542152386724836,0.3679566487168883,0.0,1.0,1.0,0.0,1.0,0.0,1.0,0.0,0.0,1.0,1.0,0.0,1.0,0.0,0.0,4473000
-0.7467327624206405,0.055270920014809204,-0.5579502955433145,0.2542152386724836,-0.8030586712872236,0.0,1.0,1.0,0.0,1.0,0.0,1.0,0.0,1.0,0.0,1.0,0.0,0.0,1.0,0.0,4473000
-0.6377302608272798,-1.2835135870105665,-0.5579502955433145,-0.9124989093401775,-0.8030586712872236,0.0,1.0,0.0,1.0,0.0,1.0,1.0,0.0,1.0,0.0,1.0,0.0,0.0,1.0,0.0,4445000
-0.5387196552133104,0.055270920014809204,-0.5579502955433145,0.2542152386724836,-0.8030586712872236,1.0,0.0,1.0,0.0,1.0,0.0,1.0,0.0,1.0,0.0,1.0,0.0,0.0,1.0,0.0,4410000
-0.11542660735909313,-1.2835135870105665,-0.5579502955433145,0.2542152386724836,-0.8030586712872236,0.0,1.0,1.0,0.0,0.0,1.0,1.0,0.0,1.0,0.0,1.0,0.0,0.0,1.0,0.0,4410000
-1.0328643291032122,0.055270920014809204,-0.5579502955433145,0.2542152386724836,-0.8030586712872236,0.0,1.0,1.0,0.0,1.0,0.0,1.0,0.0,1.0,0.0,0.0,1.0,0.0,1.0,0.0,4403000
-0.12451014915853985,0.055270920014809204,-0.5579502955433145,-0.9124989093401775,1.5389719687210002,0.0,1.0,1.0,0.0,1.0,0.0,1.0,0.0,1.0,0.0,0.0,1.0,0.0,0.0,1.0,4403000
-0.1063430655596464,0.055270920014809204,-0.5579502955433145,0.2542152386724836,0.3679566487168883,0.0,1.0,1.0,0.0,1.0,0.0,1.0,0.0,1.0,0.0,1.0,0.0,0.0,1.0,0.0,4403000
-0.09271775286047632,1.394055427040185,-0.5579502955433145,0.2542152386724836,-0.8030586712872236,0.0,1.0,1.0,0.0,1.0,0.0,1.0,0.0,0.0,1.0,1.0,0.0,0.0,1.0,0.0,4382000
-0.5696036973314293,0.055270920014809204,-0.5579502955433145,0.2542152386724836,-0.8030586712872236,0.0,1.0,1.0,0.0,1.0,0.0,1.0,0.0,1.0,0.0,1.0,0.0,0.0,0.0,1.0,4375000
-0.2970974433480276,0.055270920014809204,1.539173229085006,1.4209293866851447,0.3679566487168883,0.0,1.0,1.0,0.0,1.0,0.0,0.0,1.0,1.0,0.0,1.0,0.0,1.0,0.0,0.0,4340000
-1.47568699182624,2.7328399340655607,-0.5579502955433145,0.2542152386724836,-0.8030586712872236,1.0,0.0,1.0,0.0,0.0,1.0,1.0,0.0,1.0,0.0,1.0,0.0,0.0,1.0,0.0,4340000
-0.4901227065862705,0.055270920014809204,-0.5579502955433145,-0.9124989093401775,1.5389719687210002,0.0,1.0,0.0,1.0,0.0,1.0,1.0,0.0,1.0,0.0,1.0,0.0,0.0,1.0,0.0,4340000
-0.7512745333203639,1.394055427040185,-0.5579502955433145,0.2542152386724836,1.5389719687210002,0.0,1.0,1.0,0.0,1.0,0.0,1.0,0.0,1.0,0.0,1.0,0.0,1.0,0.0,0.0,4340000
0.588547882098028,1.394055427040185,-0.5579502955433145,0.2542152386724836,-0.8030586712872236,0.0,1.0,1.0,0.0,1.0,0.0,1.0,0.0,1.0,0.0,1.0,0.0,0.0,1.0,0.0,4340000
-0.509652321455081,-1.2835135870105665,-0.5579502955433145,-0.9124989093401775,-0.8030586712872236,0.0,1.0,1.0,0.0,0.0,1.0,1.0,0.0,1.0,0.0,1.0,0.0,1.0,0.0,0.0,4319000
-0.34251515234526125,-1.2835135870105665,-0.5579502955433145,-0.9124989093401775,0.3679566487168883,0.0,1.0,1.0,0.0,1.0,0.0,1.0,0.0,1.0,0.0,1.0,0.0,0.0,1.0,0.0,4305000
2.3643803038898628,-1.2835135870105665,-0.5579502955433145,-0.9124989093401775,0.3679566487168883,0.0,1.0,1.0,0.0,1.0,0.0,1.0,0.0,1.0,0.0,0.0,1.0,0.0,1.0,0.0,4305000
-0.7966922423175975,0.055270920014809204,-0.5579502955433145,0.2542152386724836,1.5389719687210002,0.0,1.0,1.0,0.0,0.0,1.0,1.0,0.0,1.0,0.0,0.0,1.0,0.0,1.0,0.0,4277000
0.5476719440005178,-1.2835135870105665,-0.5579502955433145,-0.9124989093401775,-0.8030586712872236,0.0,1.0,1.0,0.0,1.0,0.0,1.0,0.0,1.0,0.0,1.0,0.0,1.0,0.0,0.0,4270000
0.5476719440005178,-1.2835135870105665,-0.5579502955433145,0.2542152386724836,-0.8030586712872236,0.0,1.0,1.0,0.0,1.0,0.0,1.0,0.0,1.0,0.0,1.0,0.0,0.0,0.0,1.0,4270000
-0.2970974433480276,-1.2835135870105665,-0.5579502955433145,-0.9124989093401775,1.5389719687210002,0.0,1.0,1.0,0.0,1.0,0.0,1.0,0.0,0.0,1.0,1.0,0.0,1.0,0.0,0.0,4270000
-1.3530591775337093,0.055270920014809204,-0.5579502955433145,0.2542152386724836,-0.8030586712872236,1.0,0.0,0.0,1.0,0.0,1.0,1.0,0.0,0.0,1.0,1.0,0.0,0.0,0.0,1.0,4270000
-0.3606822359441547,1.394055427040185,-0.5579502955433145,0.2542152386724836,-0.8030586712872236,0.0,1.0,1.0,0.0,1.0,0.0,1.0,0.0,1.0,0.0,1.0,0.0,1.0,0.0,0.0,4270000
1.188061640861512,-1.2835135870105665,-0.5579502955433145,-0.9124989093401775,0.3679566487168883,0.0,1.0,1.0,0.0,1.0,0.0,1.0,0.0,1.0,0.0,1.0,0.0,1.0,0.0,0.0,4270000
0.6793833000924953,0.055270920014809204,-0.5579502955433145,0.2542152386724836,-0.8030586712872236,0.0,1.0,0.0,1.0,1.0,0.0,1.0,0.0,1.0,0.0,1.0,0.0,0.0,1.0,0.0,4235000
-1.0751027984706396,0.055270920014809204,-0.5579502955433145,-0.9124989093401775,-0.8030586712872236,0.0,1.0,1.0,0.0,0.0,1.0,1.0,0.0,1.0,0.0,0.0,1.0,1.0,0.0,0.0,4235000
0.1570796466243086,0.055270920014809204,-0.5579502955433145,0.2542152386724836,-0.8030586712872236,0.0,1.0,1.0,0.0,1.0,0.0,1.0,0.0,0.0,1.0,1.0,0.0,0.0,0.0,1.0,4200000
-0.05184181476296606,0.055270920014809204,-0.5579502955433145,0.2542152386724836,-0.8030586712872236,0.0,1.0,1.0,0.0,0.0,1.0,1.0,0.0,0.0,1.0,1.0,0.0,0.0,0.0,1.0,4200000
0.31604162811462627,-1.2835135870105665,-0.5579502955433145,-0.9124989093401775,1.5389719687210002,0.0,1.0,0.0,1.0,0.0,1.0,1.0,0.0,1.0,0.0,1.0,0.0,0.0,1.0,0.0,4200000
-1.155492143395743,1.394055427040185,3.6362967537133266,0.2542152386724836,-0.8030586712872236,1.0,0.0,1.0,0.0,1.0,0.0,1.0,0.0,1.0,0.0,1.0,0.0,0.0,1.0,0.0,4200000
-0.9997094015352318,0.055270920014809204,-0.5579502955433145,0.2542152386724836,-0.8030586712872236,0.0,1.0,1.0,0.0,0.0,1.0,1.0,0.0,0.0,1.0,1.0,0.0,0.0,0.0,1.0,4200000
-1.093269882069533,1.394055427040185,1.539173229085006,0.2542152386724836,-0.8030586712872236,1.0,0.0,1.0,0.0,1.0,0.0,1.0,0.0,1.0,0.0,1.0,0.0,0.0,1.0,0.0,4200000
-0.3379733814455379,-1.2835135870105665,-0.5579502955433145,-0.9124989093401775,0.3679566487168883,1.0,0.0,1.0,0.0,1.0,0.0,1.0,0.0,1.0,0.0,1.0,0.0,0.0,0.0,1.0,4200000
-0.5241859883341957,1.394055427040185,1.539173229085006,0.2542152386724836,-0.8030586712872236,1.0,0.0,1.0,0.0,1.0,0.0,1.0,0.0,1.0,0.0,1.0,0.0,0.0,1.0,0.0,4200000
-1.284932614037859,0.055270920014809204,-0.5579502955433145,0.2542152386724836,-0.8030586712872236,1.0,0.0,1.0,0.0,1.0,0.0,1.0,0.0,1.0,0.0,1.0,0.0,0.0,1.0,0.0,4200000
-0.251679734350794,0.055270920014809204,1.539173229085006,0.2542152386724836,0.3679566487168883,0.0,1.0,1.0,0.0,1.0,0.0,1.0,0.0,0.0,1.0,1.0,0.0,0.0,1.0,0.0,4200000
-0.6876897407242367,0.055270920014809204,1.539173229085006,0.2542152386724836,-0.8030586712872236,0.0,1.0,1.0,0.0,0.0,1.0,1.0,0.0,1.0,0.0,1.0,0.0,0.0,0.0,1.0,4200000
0.29333277361600946,0.055270920014809204,-0.5579502955433145,-0.9124989093401775,1.5389719687210002,0.0,1.0,1.0,0.0,1.0,0.0,0.0,1.0,1.0,0.0,1.0,0.0,0.0,1.0,0.0,4200000
0.838345281582813,0.055270920014809204,-0.5579502955433145,-0.9124989093401775,2.709987288725112,0.0,1.0,1.0,0.0,1.0,0.0,1.0,0.0,1.0,0.0,1.0,0.0,1.0,0.0,0.0,4200000
-0.48830599822638115,0.055270920014809204,-0.5579502955433145,1.4209293866851447,-0.8030586712872236,0.0,1.0,1.0,0.0,1.0,0.0,1.0,0.0,1.0,0.0,1.0,0.0,0.0,1.0,0.0,4200000
-0.7421909915209172,0.055270920014809204,-0.5579502955433145,0.2542152386724836,-0.8030586712872236,0.0,1.0,1.0,0.0,1.0,0.0,1.0,0.0,1.0,0.0,0.0,1.0,0.0,1.0,0.0,4200000
-1.3666844902328794,0.055270920014809204,-0.5579502955433145,1.4209293866851447,0.3679566487168883,0.0,1.0,1.0,0.0,1.0,0.0,1.0,0.0,1.0,0.0,0.0,1.0,0.0,0.0,1.0,4200000
-0.2970974433480276,0.055270920014809204,-0.5579502955433145,-0.9124989093401775,-0.8030586712872236,0.0,1.0,1.0,0.0,0.0,1.0,1.0,0.0,1.0,0.0,1.0,0.0,1.0,0.0,0.0,4200000
1.4060666440482332,0.055270920014809204,-0.5579502955433145,-0.9124989093401775,2.709987288725112,0.0,1.0,1.0,0.0,0.0,1.0,1.0,0.0,1.0,0.0,1.0,0.0,0.0,1.0,0.0,4193000
-0.7739833878189807,0.055270920014809204,-0.5579502955433145,0.2542152386724836,0.3679566487168883,0.0,1.0,1.0,0.0,1.0,0.0,1.0,0.0,1.0,0.0,1.0,0.0,0.0,1.0,0.0,4193000
-0.1426772327574333,0.055270920014809204,-0.5579502955433145,0.2542152386724836,0.3679566487168883,0.0,1.0,1.0,0.0,1.0,0.0,1.0,0.0,1.0,0.0,1.0,0.0,0.0,1.0,0.0,4165000
-0.48785182113640885,0.055270920014809204,-0.5579502955433145,0.2542152386724836,1.5389719687210002,0.0,1.0,1.0,0.0,1.0,0.0,1.0,0.0,1.0,0.0,1.0,0.0,0.0,1.0,0.0,4165000
-0.5032938421954682,0.055270920014809204,-0.5579502955433145,0.2542152386724836,0.3679566487168883,0.0,1.0,1.0,0.0,0.0,1.0,1.0,0.0,1.0,0.0,1.0,0.0,0.0,1.0,0.0,4165000
-0.23714606747167924,1.394055427040185,-0.5579502955433145,0.2542152386724836,-0.8030586712872236,0.0,1.0,1.0,0.0,1.0,0.0,1.0,0.0,0.0,1.0,1.0,0.0,0.0,1.0,0.0,4130000
0.37735553526089166,0.055270920014809204,-0.5579502955433145,-0.9124989093401775,-0.8030586712872236,0.0,1.0,1.0,0.0,0.0,1.0,1.0,0.0,1.0,0.0,1.0,0.0,0.0,1.0,0.0,4130000
0.4114188170088169,-1.2835135870105665,-0.5579502955433145,-0.9124989093401775,0.3679566487168883,0.0,1.0,1.0,0.0,0.0,1.0,1.0,0.0,1.0,0.0,1.0,0.0,0.0,1.0,0.0,4123000
-0.7058568243231302,0.055270920014809204,-0.5579502955433145,-0.9124989093401775,-0.8030586712872236,0.0,1.0,1.0,0.0,0.0,1.0,1.0,0.0,0.0,1.0,0.0,1.0,1.0,0.0,0.0,4098500
-0.6695226571253433,0.055270920014809204,1.539173229085006,0.2542152386724836,-0.8030586712872236,0.0,1.0,1.0,0.0,1.0,0.0,1.0,0.0,1.0,0.0,1.0,0.0,0.0,1.0,0.0,4095000
-0.5060189047353023,-1.2835135870105665,-0.5579502955433145,0.2542152386724836,0.3679566487168883,0.0,1.0,1.0,0.0,1.0,0.0,1.0,0.0,1.0,0.0,1.0,0.0,0.0,1.0,0.0,4095000
0.20249735562154222,-1.2835135870105665,-0.5579502955433145,-0.9124989093401775,-0.8030586712872236,0.0,1.0,1.0,0.0,1.0,0.0,1.0,0.0,0.0,1.0,1.0,0.0,0.0,1.0,0.0,4095000
0.3387504826132431,1.394055427040185,1.539173229085006,0.2542152386724836,0.3679566487168883,1.0,0.0,1.0,0.0,0.0,1.0,1.0,0.0,1.0,0.0,1.0,0.0,0.0,0.0,1.0,4060000
-0.0736423150816382,0.055270920014809204,1.539173229085006,0.2542152386724836,1.5389719687210002,0.0,1.0,1.0,0.0,1.0,0.0,1.0,0.0,1.0,0.0,1.0,0.0,0.0,0.0,1.0,4060000
-0.3697657777436014,0.055270920014809204,-0.5579502955433145,-0.9124989093401775,-0.8030586712872236,0.0,1.0,1.0,0.0,1.0,0.0,1.0,0.0,1.0,0.0,1.0,0.0,0.0,1.0,0.0,4060000
-0.9783630783065319,1.394055427040185,-0.5579502955433145,1.4209293866851447,1.5389719687210002,0.0,1.0,1.0,0.0,0.0,1.0,1.0,0.0,0.0,1.0,1.0,0.0,0.0,1.0,0.0,4060000
-0.3788493195430481,0.055270920014809204,-0.5579502955433145,0.2542152386724836,1.5389719687210002,0.0,1.0,1.0,0.0,1.0,0.0,1.0,0.0,1.0,0.0,0.0,1.0,1.0,0.0,0.0,4060000
-0.6922315116239601,0.055270920014809204,1.539173229085006,0.2542152386724836,1.5389719687210002,0.0,1.0,1.0,0.0,1.0,0.0,0.0,1.0,1.0,0.0,1.0,0.0,0.0,1.0,0.0,4025000
-0.7694416169192573,0.055270920014809204,1.539173229085006,-0.9124989093401775,0.3679566487168883,0.0,1.0,1.0,0.0,0.0,1.0,1.0,0.0,0.0,1.0,1.0,0.0,1.0,0.0,0.0,4025000
0.11166193762707498,0.055270920014809204,-0.5579502955433145,-0.9124989093401775,2.709987288725112,0.0,1.0,1.0,0.0,1.0,0.0,1.0,0.0,1.0,0.0,1.0,0.0,0.0,1.0,0.0,4025000
-0.2970974433480276,0.055270920014809204,-0.5579502955433145,0.2542152386724836,-0.8030586712872236,1.0,0.0,1.0,0.0,0.0,1.0,1.0,0.0,0.0,1.0,1.0,0.0,0.0,1.0,0.0,4007500
-0.7694416169192573,1.394055427040185,-0.5579502955433145,0.2542152386724836,-0.8030586712872236,0.0,1.0,1.0,0.0,1.0,0.0,1.0,0.0,0.0,1.0,1.0,0.0,0.0,1.0,0.0,4007500
-0.4787682793369621,1.394055427040185,-0.5579502955433145,-0.9124989093401775,-0.8030586712872236,1.0,0.0,1.0,0.0,0.0,1.0,1.0,0.0,1.0,0.0,1.0,0.0,0.0,0.0,1.0,3990000
0.6021731947971981,0.055270920014809204,-0.5579502955433145,0.2542152386724836,0.3679566487168883,1.0,0.0,1.0,0.0,1.0,0.0,1.0,0.0,0.0,1.0,1.0,0.0,0.0,1.0,0.0,3990000
-0.2970974433480276,0.055270920014809204,1.539173229085006,0.2542152386724836,-0.8030586712872236,1.0,0.0,1.0,0.0,0.0,1.0,1.0,0.0,0.0,1.0,1.0,0.0,0.0,1.0,0.0,3990000
-0.5423530719330891,0.055270920014809204,-0.5579502955433145,0.2542152386724836,-0.8030586712872236,0.0,1.0,1.0,0.0,1.0,0.0,1.0,0.0,1.0,0.0,1.0,0.0,1.0,0.0,0.0,3990000
-0.5014771338355789,-1.2835135870105665,-0.5579502955433145,0.2542152386724836,-0.8030586712872236,0.0,1.0,0.0,1.0,0.0,1.0,1.0,0.0,1.0,0.0,0.0,1.0,0.0,0.0,1.0,3990000
0.9564313249756203,0.055270920014809204,1.539173229085006,-0.9124989093401775,2.709987288725112,0.0,1.0,0.0,1.0,0.0,1.0,1.0,0.0,1.0,0.0,1.0,0.0,1.0,0.0,0.0,3920000
0.1570796466243086,1.394055427040185,-0.5579502955433145,0.2542152386724836,-0.8030586712872236,0.0,1.0,0.0,1.0,0.0,1.0,1.0,0.0,1.0,0.0,1.0,0.0,0.0,1.0,0.0,3920000
-0.9783630783065319,0.055270920014809204,-0.5579502955433145,0.2542152386724836,-0.8030586712872236,0.0,1.0,1.0,0.0,1.0,0.0,1.0,0.0,1.0,0.0,1.0,0.0,0.0,1.0,0.0,3920000
-0.8466517222145544,-1.2835135870105665,-0.5579502955433145,-0.9124989093401775,0.3679566487168883,0.0,1.0,1.0,0.0,1.0,0.0,0.0,1.0,1.0,0.0,1.0,0.0,1.0,0.0,0.0,3920000
-0.6077545728891056,-1.2835135870105665,-0.5579502955433145,-0.9124989093401775,1.5389719687210002,0.0,1.0,1.0,0.0,0.0,1.0,1.0,0.0,0.0,1.0,1.0,0.0,1.0,0.0,0.0,3920000
1.328856538752936,0.055270920014809204,-0.5579502955433145,-0.9124989093401775,1.5389719687210002,0.0,1.0,1.0,0.0,1.0,0.0,1.0,0.0,0.0,1.0,1.0,0.0,0.0,1.0,0.0,3920000
-1.3666844902328794,1.394055427040185,1.539173229085006,-0.9124989093401775,-0.8030586712872236,0.0,1.0,1.0,0.0,0.0,1.0,1.0,0.0,1.0,0.0,0.0,1.0,0.0,0.0,1.0,3920000
-0.6241049481281097,-1.2835135870105665,-0.5579502955433145,0.2542152386724836,-0.8030586712872236,0.0,1.0,0.0,1.0,0.0,1.0,1.0,0.0,1.0,0.0,1.0,0.0,0.0,1.0,0.0,3885000
-0.8966112021115115,1.394055427040185,1.539173229085006,0.2542152386724836,-0.8030586712872236,0.0,1.0,1.0,0.0,1.0,0.0,1.0,0.0,1.0,0.0,1.0,0.0,1.0,0.0,0.0,3885000
0.06624422862984136,2.7328399340655607,1.539173229085006,0.2542152386724836,-0.8030586712872236,0.0,1.0,1.0,0.0,1.0,0.0,1.0,0.0,1.0,0.0,1.0,0.0,0.0,1.0,0.0,3850000
-0.8966112021115115,-1.2835135870105665,1.539173229085006,-0.9124989093401775,1.5389719687210002,0.0,1.0,1.0,0.0,0.0,1.0,1.0,0.0,1.0,0.0,1.0,0.0,0.0,1.0,0.0,3850000
0.907380199258608,0.055270920014809204,-0.5579502955433145,0.2542152386724836,-0.8030586712872236,0.0,1.0,1.0,0.0,1.0,0.0,1.0,0.0,0.0,1.0,1.0,0.0,1.0,0.0,0.0,3850000
-0.48785182113640885,-1.2835135870105665,-0.5579502955433145,-0.9124989093401775,-0.8030586712872236,0.0,1.0,1.0,0.0,1.0,0.0,1.0,0.0,1.0,0.0,1.0,0.0,0.0,1.0,0.0,3850000
-0.5923125518300462,-1.2835135870105665,-0.5579502955433145,-0.9124989093401775,-0.8030586712872236,0.0,1.0,1.0,0.0,1.0,0.0,1.0,0.0,1.0,0.0,1.0,0.0,0.0,1.0,0.0,3850000
-1.4257275119292832,0.055270920014809204,-0.5579502955433145,0.2542152386724836,-0.8030586712872236,0.0,1.0,1.0,0.0,0.0,1.0,1.0,0.0,1.0,0.0,0.0,1.0,0.0,1.0,0.0,3850000
-1.352605000443737,-1.2835135870105665,-0.5579502955433145,0.2542152386724836,-0.8030586712872236,0.0,1.0,0.0,1.0,1.0,0.0,1.0,0.0,1.0,0.0,0.0,1.0,0.0,1.0,0.0,3850000
-0.8194010968162143,0.055270920014809204,-0.5579502955433145,0.2542152386724836,-0.8030586712872236,0.0,1.0,1.0,0.0,1.0,0.0,1.0,0.0,1.0,0.0,1.0,0.0,0.0,0.0,1.0,3836000
-0.9102365148106816,-1.2835135870105665,1.539173229085006,-0.9124989093401775,-0.8030586712872236,1.0,0.0,1.0,0.0,0.0,1.0,1.0,0.0,1.0,0.0,1.0,0.0,0.0,1.0,0.0,3815000
-0.15176077455688003,0.055270920014809204,-0.5579502955433145,0.2542152386724836,-0.8030586712872236,0.0,1.0,1.0,0.0,1.0,0.0,1.0,0.0,1.0,0.0,1.0,0.0,0.0,1.0,0.0,3780000
-0.7876087005181508,-1.2835135870105665,-0.5579502955433145,0.2542152386724836,0.3679566487168883,0.0,1.0,1.0,0.0,1.0,0.0,0.0,1.0,1.0,0.0,1.0,0.0,0.0,1.0,0.0,3780000
-0.7058568243231302,-1.2835135870105665,-0.5579502955433145,-0.9124989093401775,-0.8030586712872236,0.0,1.0,1.0,0.0,1.0,0.0,1.0,0.0,1.0,0.0,1.0,0.0,0.0,1.0,0.0,3780000
0.30695808631517957,-1.2835135870105665,-0.5579502955433145,-0.9124989093401775,1.5389719687210002,0.0,1.0,1.0,0.0,1.0,0.0,1.0,0.0,1.0,0.0,1.0,0.0,0.0,0.0,1.0,3780000
-1.0437645792625483,0.055270920014809204,-0.5579502955433145,1.4209293866851447,-0.8030586712872236,0.0,1.0,1.0,0.0,1.0,0.0,1.0,0.0,1.0,0.0,0.0,1.0,1.0,0.0,0.0,3780000
1.4741932075440836,-1.2835135870105665,-0.5579502955433145,-0.9124989093401775,0.3679566487168883,0.0,1.0,1.0,0.0,1.0,0.0,1.0,0.0,1.0,0.0,1.0,0.0,1.0,0.0,0.0,3780000
1.4060666440482332,0.055270920014809204,-0.5579502955433145,-0.9124989093401775,1.5389719687210002,0.0,1.0,1.0,0.0,1.0,0.0,1.0,0.0,1.0,0.0,1.0,0.0,1.0,0.0,0.0,3773000
-1.1963680814932534,2.7328399340655607,1.539173229085006,-0.9124989093401775,0.3679566487168883,1.0,0.0,1.0,0.0,0.0,1.0,1.0,0.0,0.0,1.0,1.0,0.0,1.0,0.0,0.0,3773000
0.8065528852847494,1.394055427040185,-0.5579502955433145,0.2542152386724836,0.3679566487168883,1.0,0.0,1.0,0.0,1.0,0.0,1.0,0.0,1.0,0.0,1.0,0.0,1.0,0.0,0.0,3773000
-0.7603580751198106,-1.2835135870105665,-0.5579502955433145,-0.9124989093401775,-0.8030586712872236,0.0,1.0,1.0,0.0,1.0,0.0,1.0,0.0,1.0,0.0,0.0,1.0,0.0,1.0,0.0,3745000
-0.7058568243231302,0.055270920014809204,-0.5579502955433145,-0.9124989093401775,0.3679566487168883,0.0,1.0,1.0,0.0,1.0,0.0,1.0,0.0,1.0,0.0,1.0,0.0,0.0,0.0,1.0,3710000
-0.5060189047353023,-1.2835135870105665,-0.5579502955433145,-0.9124989093401775,-0.8030586712872236,0.0,1.0,1.0,0.0,1.0,0.0,1.0,0.0,1.0,0.0,1.0,0.0,0.0,1.0,0.0,3710000
0.3932517334099234,0.055270920014809204,-0.5579502955433145,-0.9124989093401775,-0.8030586712872236,0.0,1.0,1.0,0.0,1.0,0.0,1.0,0.0,1.0,0.0,1.0,0.0,0.0,1.0,0.0,3710000
-0.5014771338355789,-1.2835135870105665,-0.5579502955433145,-0.9124989093401775,-0.8030586712872236,0.0,1.0,1.0,0.0,1.0,0.0,1.0,0.0,1.0,0.0,1.0,0.0,1.0,0.0,0.0,3710000
-0.7131236577626876,-1.2835135870105665,-0.5579502955433145,-0.9124989093401775,-0.8030586712872236,0.0,1.0,1.0,0.0,1.0,0.0,0.0,1.0,1.0,0.0,1.0,0.0,0.0,1.0,0.0,3710000
-0.9238618275098516,0.055270920014809204,-0.5579502955433145,0.2542152386724836,-0.8030586712872236,1.0,0.0,1.0,0.0,0.0,1.0,0.0,1.0,1.0,0.0,1.0,0.0,0.0,1.0,0.0,3703000
0.1343707921256918,-1.2835135870105665,-0.5579502955433145,-0.9124989093401775,-0.8030586712872236,0.0,1.0,1.0,0.0,1.0,0.0,1.0,0.0,1.0,0.0,1.0,0.0,1.0,0.0,0.0,3703000
-0.6922315116239601,-1.2835135870105665,-0.5579502955433145,-0.9124989093401775,-0.8030586712872236,0.0,1.0,1.0,0.0,0.0,1.0,1.0,0.0,1.0,0.0,1.0,0.0,1.0,0.0,0.0,3675000
-0.6922315116239601,-1.2835135870105665,-0.5579502955433145,-0.9124989093401775,-0.8030586712872236,0.0,1.0,1.0,0.0,1.0,0.0,1.0,0.0,0.0,1.0,1.0,0.0,0.0,0.0,1.0,3675000
0.2206644392204357,-1.2835135870105665,-0.5579502955433145,-0.9124989093401775,-0.8030586712872236,1.0,0.0,1.0,0.0,1.0,0.0,1.0,0.0,1.0,0.0,1.0,0.0,0.0,1.0,0.0,3675000
-0.7058568243231302,-1.2835135870105665,-0.5579502955433145,-0.9124989093401775,-0.8030586712872236,0.0,1.0,1.0,0.0,1.0,0.0,1.0,0.0,1.0,0.0,1.0,0.0,1.0,0.0,0.0,3675000
-0.3970164031419416,-1.2835135870105665,-0.5579502955433145,-0.9124989093401775,1.5389719687210002,0.0,1.0,1.0,0.0,1.0,0.0,1.0,0.0,0.0,1.0,1.0,0.0,0.0,1.0,0.0,3640000
-0.7194821370223003,0.055270920014809204,-0.5579502955433145,0.2542152386724836,-0.8030586712872236,0.0,1.0,1.0,0.0,0.0,1.0,1.0,0.0,1.0,0.0,1.0,0.0,0.0,1.0,0.0,3640000
-0.8966112021115115,0.055270920014809204,-0.5579502955433145,0.2542152386724836,-0.8030586712872236,1.0,0.0,1.0,0.0,0.0,1.0,1.0,0.0,1.0,0.0,1.0,0.0,0.0,1.0,0.0,3640000
-0.9783630783065319,-1.2835135870105665,-0.5579502955433145,0.2542152386724836,-0.8030586712872236,0.0,1.0,1.0,0.0,1.0,0.0,1.0,0.0,0.0,1.0,1.0,0.0,1.0,0.0,0.0,3640000
-0.7421909915209172,-1.2835135870105665,1.539173229085006,-0.9124989093401775,-0.8030586712872236,0.0,1.0,1.0,0.0,0.0,1.0,1.0,0.0,1.0,0.0,1.0,0.0,0.0,1.0,0.0,3640000
0.36600110801158325,0.055270920014809204,-0.5579502955433145,0.2542152386724836,-0.8030586712872236,0.0,1.0,0.0,1.0,0.0,1.0,1.0,0.0,1.0,0.0,1.0,0.0,0.0,0.0,1.0,3640000
-0.46514296663779203,0.055270920014809204,1.539173229085006,0.2542152386724836,1.5389719687210002,0.0,1.0,1.0,0.0,1.0,0.0,1.0,0.0,1.0,0.0,1.0,0.0,0.0,1.0,0.0,3640000
-1.0464896418023824,0.055270920014809204,1.539173229085006,0.2542152386724836,-0.8030586712872236,1.0,0.0,1.0,0.0,0.0,1.0,1.0,0.0,1.0,0.0,0.0,1.0,0.0,0.0,1.0,3640000
-1.3076414685364757,0.055270920014809204,-0.5579502955433145,1.4209293866851447,-0.8030586712872236,0.0,1.0,1.0,0.0,1.0,0.0,0.0,1.0,0.0,1.0,0.0,1.0,0.0,1.0,0.0,3640000
-0.7421909915209172,0.055270920014809204,-0.5579502955433145,-0.9124989093401775,1.5389719687210002,0.0,1.0,1.0,0.0,1.0,0.0,1.0,0.0,1.0,0.0,0.0,1.0,0.0,0.0,1.0,3633000
-0.2970974433480276,-1.2835135870105665,-0.5579502955433145,-0.9124989093401775,-0.8030586712872236,0.0,1.0,1.0,0.0,1.0,0.0,1.0,0.0,1.0,0.0,1.0,0.0,0.0,1.0,0.0,3605000
-0.5241859883341957,-1.2835135870105665,-0.5579502955433145,-0.9124989093401775,-0.8030586712872236,0.0,1.0,1.0,0.0,1.0,0.0,1.0,0.0,1.0,0.0,0.0,1.0,0.0,1.0,0.0,3605000
-0.9102365148106816,0.055270920014809204,-0.5579502955433145,0.2542152386724836,-0.8030586712872236,0.0,1.0,1.0,0.0,0.0,1.0,1.0,0.0,1.0,0.0,1.0,0.0,1.0,0.0,0.0,3570000
-0.2970974433480276,1.394055427040185,1.539173229085006,0.2542152386724836,1.5389719687210002,0.0,1.0,1.0,0.0,0.0,1.0,1.0,0.0,1.0,0.0,1.0,0.0,1.0,0.0,0.0,3570000
-0.2970974433480276,-1.2835135870105665,-0.5579502955433145,-0.9124989093401775,-0.8030586712872236,1.0,0.0,1.0,0.0,1.0,0.0,1.0,0.0,1.0,0.0,1.0,0.0,1.0,0.0,0.0,3570000
-0.6876897407242367,-1.2835135870105665,-0.5579502955433145,-0.9124989093401775,-0.8030586712872236,0.0,1.0,1.0,0.0,1.0,0.0,1.0,0.0,1.0,0.0,1.0,0.0,0.0,0.0,1.0,3570000
-0.5923125518300462,0.055270920014809204,-0.5579502955433145,-0.9124989093401775,1.5389719687210002,0.0,1.0,1.0,0.0,1.0,0.0,1.0,0.0,1.0,0.0,1.0,0.0,0.0,0.0,1.0,3535000
-0.41518348674083505,0.055270920014809204,-0.5579502955433145,0.2542152386724836,-0.8030586712872236,0.0,1.0,1.0,0.0,1.0,0.0,1.0,0.0,0.0,1.0,1.0,0.0,0.0,1.0,0.0,3500000
-0.6831479698245134,0.055270920014809204,-0.5579502955433145,0.2542152386724836,-0.8030586712872236,0.0,1.0,1.0,0.0,1.0,0.0,1.0,0.0,1.0,0.0,1.0,0.0,0.0,0.0,1.0,3500000
-0.251679734350794,1.394055427040185,-0.5579502955433145,0.2542152386724836,-0.8030586712872236,0.0,1.0,1.0,0.0,1.0,0.0,1.0,0.0,1.0,0.0,1.0,0.0,0.0,1.0,0.0,3500000
-1.3712262611326027,0.055270920014809204,1.539173229085006,0.2542152386724836,-0.8030586712872236,1.0,0.0,1.0,0.0,1.0,0.0,1.0,0.0,1.0,0.0,1.0,0.0,0.0,0.0,1.0,3500000
-0.9620127030675278,0.055270920014809204,-0.5579502955433145,0.2542152386724836,-0.8030586712872236,0.0,1.0,1.0,0.0,0.0,1.0,1.0,0.0,1.0,0.0,1.0,0.0,0.0,1.0,0.0,3500000
-0.5287277592339191,0.055270920014809204,-0.5579502955433145,0.2542152386724836,-0.8030586712872236,0.0,1.0,1.0,0.0,1.0,0.0,1.0,0.0,1.0,0.0,1.0,0.0,0.0,1.0,0.0,3500000
1.0309163677310835,0.055270920014809204,-0.5579502955433145,-0.9124989093401775,-0.8030586712872236,1.0,0.0,1.0,0.0,1.0,0.0,1.0,0.0,1.0,0.0,1.0,0.0,0.0,0.0,1.0,3500000
-0.7603580751198106,0.055270920014809204,-0.5579502955433145,-0.9124989093401775,-0.8030586712872236,1.0,0.0,1.0,0.0,1.0,0.0,1.0,0.0,0.0,1.0,1.0,0.0,0.0,0.0,1.0,3500000
-0.7058568243231302,4.071624441090936,-0.5579502955433145,0.2542152386724836,0.3679566487168883,0.0,1.0,1.0,0.0,1.0,0.0,1.0,0.0,1.0,0.0,1.0,0.0,0.0,0.0,1.0,3500000
-0.6876897407242367,-1.2835135870105665,-0.5579502955433145,-0.9124989093401775,0.3679566487168883,0.0,1.0,1.0,0.0,1.0,0.0,1.0,0.0,1.0,0.0,1.0,0.0,0.0,1.0,0.0,3500000
0.3387504826132431,-1.2835135870105665,-0.5579502955433145,-0.9124989093401775,0.3679566487168883,0.0,1.0,1.0,0.0,1.0,0.0,1.0,0.0,1.0,0.0,1.0,0.0,1.0,0.0,0.0,3500000
-0.9238618275098516,0.055270920014809204,-0.5579502955433145,0.2542152386724836,0.3679566487168883,0.0,1.0,1.0,0.0,1.0,0.0,1.0,0.0,1.0,0.0,1.0,0.0,0.0,0.0,1.0,3500000
0.9973072630731307,-1.2835135870105665,-0.5579502955433145,-0.9124989093401775,0.3679566487168883,0.0,1.0,1.0,0.0,1.0,0.0,1.0,0.0,1.0,0.0,1.0,0.0,0.0,1.0,0.0,3500000
-0.7458244082406958,-1.2835135870105665,-0.5579502955433145,-0.9124989093401775,0.3679566487168883,0.0,1.0,1.0,0.0,1.0,0.0,1.0,0.0,1.0,0.0,0.0,1.0,0.0,0.0,1.0,3500000
1.9737880065136535,0.055270920014809204,-0.5579502955433145,0.2542152386724836,2.709987288725112,0.0,1.0,1.0,0.0,1.0,0.0,1.0,0.0,1.0,0.0,0.0,1.0,0.0,0.0,1.0,3500000
0.3296669408137964,-1.2835135870105665,-0.5579502955433145,-0.9124989093401775,-0.8030586712872236,0.0,1.0,1.0,0.0,1.0,0.0,1.0,0.0,1.0,0.0,1.0,0.0,0.0,0.0,1.0,3500000
3.5379739043783793,0.055270920014809204,-0.5579502955433145,-0.9124989093401775,-0.8030586712872236,0.0,1.0,1.0,0.0,1.0,0.0,1.0,0.0,1.0,0.0,1.0,0.0,0.0,0.0,1.0,3500000
-0.11542660735909313,0.055270920014809204,-0.5579502955433145,0.2542152386724836,-0.8030586712872236,1.0,0.0,1.0,0.0,1.0,0.0,1.0,0.0,1.0,0.0,1.0,0.0,0.0,0.0,1.0,3493000
-0.9511124529081918,0.055270920014809204,-0.5579502955433145,-0.9124989093401775,-0.8030586712872236,0.0,1.0,1.0,0.0,1.0,0.0,1.0,0.0,1.0,0.0,1.0,0.0,0.0,0.0,1.0,3465000
0.0753277704292881,-1.2835135870105665,-0.5579502955433145,-0.9124989093401775,0.3679566487168883,0.0,1.0,1.0,0.0,1.0,0.0,1.0,0.0,1.0,0.0,0.0,1.0,0.0,0.0,1.0,3465000
-1.3666844902328794,0.055270920014809204,-0.5579502955433145,1.4209293866851447,-0.8030586712872236,0.0,1.0,1.0,0.0,1.0,0.0,1.0,0.0,1.0,0.0,0.0,1.0,1.0,0.0,0.0,3465000
-0.5241859883341957,-1.2835135870105665,-0.5579502955433145,-0.9124989093401775,-0.8030586712872236,0.0,1.0,1.0,0.0,1.0,0.0,1.0,0.0,1.0,0.0,1.0,0.0,0.0,0.0,1.0,3430000
-0.8943403166616497,-1.2835135870105665,-0.5579502955433145,-0.9124989093401775,1.5389719687210002,0.0,1.0,1.0,0.0,1.0,0.0,1.0,0.0,1.0,0.0,1.0,0.0,0.0,0.0,1.0,3430000
-0.5923125518300462,0.055270920014809204,-0.5579502955433145,-0.9124989093401775,-0.8030586712872236,0.0,1.0,1.0,0.0,1.0,0.0,1.0,0.0,1.0,0.0,1.0,0.0,0.0,0.0,1.0,3430000
-1.3666844902328794,0.055270920014809204,-0.5579502955433145,1.4209293866851447,-0.8030586712872236,0.0,1.0,1.0,0.0,1.0,0.0,1.0,0.0,1.0,0.0,0.0,1.0,1.0,0.0,0.0,3430000
-1.155492143395743,0.055270920014809204,-0.5579502955433145,0.2542152386724836,-0.8030586712872236,0.0,1.0,1.0,0.0,0.0,1.0,1.0,0.0,1.0,0.0,0.0,1.0,0.0,0.0,1.0,3430000
-1.455249022777485,0.055270920014809204,1.539173229085006,0.2542152386724836,-0.8030586712872236,0.0,1.0,1.0,0.0,0.0,1.0,1.0,0.0,1.0,0.0,0.0,1.0,0.0,0.0,1.0,3430000
-0.5060189047353023,-1.2835135870105665,-0.5579502955433145,-0.9124989093401775,-0.8030586712872236,0.0,1.0,1.0,0.0,1.0,0.0,1.0,0.0,1.0,0.0,1.0,0.0,0.0,0.0,1.0,3423000
-0.1676569727059118,0.055270920014809204,-0.5579502955433145,0.2542152386724836,0.3679566487168883,0.0,1.0,0.0,1.0,0.0,1.0,1.0,0.0,0.0,1.0,1.0,0.0,1.0,0.0,0.0,3395000
-0.7739833878189807,0.055270920014809204,-0.5579502955433145,-0.9124989093401775,1.5389719687210002,0.0,1.0,1.0,0.0,0.0,1.0,1.0,0.0,1.0,0.0,1.0,0.0,0.0,0.0,1.0,3395000
-0.6876897407242367,-1.2835135870105665,-0.5579502955433145,-0.9124989093401775,-0.8030586712872236,0.0,1.0,1.0,0.0,1.0,0.0,1.0,0.0,1.0,0.0,1.0,0.0,1.0,0.0,0.0,3395000
-0.7512745333203639,1.394055427040185,-0.5579502955433145,0.2542152386724836,1.5389719687210002,0.0,1.0,1.0,0.0,1.0,0.0,1.0,0.0,0.0,1.0,1.0,0.0,0.0,0.0,1.0,3360000
-0.08817598196075295,1.394055427040185,-0.5579502955433145,1.4209293866851447,-0.8030586712872236,1.0,0.0,1.0,0.0,1.0,0.0,1.0,0.0,1.0,0.0,1.0,0.0,0.0,1.0,0.0,3360000
-0.4696847375375154,-1.2835135870105665,-0.5579502955433145,0.2542152386724836,-0.8030586712872236,0.0,1.0,1.0,0.0,1.0,0.0,1.0,0.0,1.0,0.0,1.0,0.0,0.0,0.0,1.0,3360000
-0.18355317085494358,-1.2835135870105665,-0.5579502955433145,-0.9124989093401775,-0.8030586712872236,0.0,1.0,1.0,0.0,1.0,0.0,1.0,0.0,1.0,0.0,1.0,0.0,0.0,0.0,1.0,3360000
-0.6513555735264499,-1.2835135870105665,-0.5579502955433145,-0.9124989093401775,-0.8030586712872236,1.0,0.0,1.0,0.0,1.0,0.0,1.0,0.0,0.0,1.0,1.0,0.0,0.0,0.0,1.0,3360000
-0.6377302608272798,0.055270920014809204,-0.5579502955433145,-0.9124989093401775,-0.8030586712872236,0.0,1.0,1.0,0.0,1.0,0.0,1.0,0.0,1.0,0.0,1.0,0.0,0.0,0.0,1.0,3360000
-0.9329453693092984,0.055270920014809204,-0.5579502955433145,0.2542152386724836,-0.8030586712872236,1.0,0.0,1.0,0.0,0.0,1.0,1.0,0.0,1.0,0.0,1.0,0.0,0.0,1.0,0.0,3360000
-0.8943403166616497,-1.2835135870105665,-0.5579502955433145,-0.9124989093401775,1.5389719687210002,0.0,1.0,1.0,0.0,0.0,1.0,1.0,0.0,1.0,0.0,1.0,0.0,1.0,0.0,0.0,3360000
-1.114616205298233,0.055270920014809204,-0.5579502955433145,-0.9124989093401775,-0.8030586712872236,1.0,0.0,1.0,0.0,1.0,0.0,1.0,0.0,1.0,0.0,1.0,0.0,1.0,0.0,0.0,3353000
-1.3666844902328794,0.055270920014809204,-0.5579502955433145,0.2542152386724836,-0.8030586712872236,0.0,1.0,1.0,0.0,0.0,1.0,1.0,0.0,1.0,0.0,0.0,1.0,1.0,0.0,0.0,3332000
-0.5060189047353023,-1.2835135870105665,-0.5579502955433145,-0.9124989093401775,0.3679566487168883,0.0,1.0,1.0,0.0,1.0,0.0,1.0,0.0,1.0,0.0,1.0,0.0,0.0,0.0,1.0,3325000
-0.17219874360563517,1.394055427040185,-0.5579502955433145,0.2542152386724836,-0.8030586712872236,0.0,1.0,1.0,0.0,1.0,0.0,1.0,0.0,1.0,0.0,1.0,0.0,0.0,0.0,1.0,3325000
-1.2054516232927002,-1.2835135870105665,-0.5579502955433145,-0.9124989093401775,-0.8030586712872236,1.0,0.0,1.0,0.0,1.0,0.0,1.0,0.0,0.0,1.0,1.0,0.0,0.0,0.0,1.0,3290000
-0.8966112021115115,1.394055427040185,-0.5579502955433145,0.2542152386724836,-0.8030586712872236,0.0,1.0,1.0,0.0,0.0,1.0,1.0,0.0,0.0,1.0,1.0,0.0,0.0,0.0,1.0,3290000
0.4114188170088169,0.055270920014809204,-0.5579502955433145,-0.9124989093401775,-0.8030586712872236,0.0,1.0,0.0,1.0,0.0,1.0,1.0,0.0,1.0,0.0,1.0,0.0,1.0,0.0,0.0,3290000
-0.7603580751198106,1.394055427040185,-0.5579502955433145,0.2542152386724836,0.3679566487168883,1.0,0.0,1.0,0.0,1.0,0.0,1.0,0.0,1.0,0.0,1.0,0.0,0.0,1.0,0.0,3290000
-0.6186548230484417,1.394055427040185,-0.5579502955433145,0.2542152386724836,-0.8030586712872236,0.0,1.0,1.0,0.0,1.0,0.0,1.0,0.0,1.0,0.0,1.0,0.0,0.0,1.0,0.0,3290000
-0.5060189047353023,-1.2835135870105665,-0.5579502955433145,-0.9124989093401775,-0.8030586712872236,0.0,1.0,1.0,0.0,1.0,0.0,1.0,0.0,1.0,0.0,1.0,0.0,0.0,0.0,1.0,3290000
-1.3666844902328794,0.055270920014809204,-0.5579502955433145,0.2542152386724836,-0.8030586712872236,0.0,1.0,1.0,0.0,0.0,1.0,1.0,0.0,1.0,0.0,0.0,1.0,1.0,0.0,0.0,3290000
0.3296669408137964,0.055270920014809204,-0.5579502955433145,-0.9124989093401775,0.3679566487168883,0.0,1.0,1.0,0.0,1.0,0.0,1.0,0.0,1.0,0.0,1.0,0.0,0.0,0.0,1.0,3290000
-0.2970974433480276,-1.2835135870105665,-0.5579502955433145,-0.9124989093401775,-0.8030586712872236,1.0,0.0,1.0,0.0,1.0,0.0,1.0,0.0,1.0,0.0,1.0,0.0,0.0,1.0,0.0,3255000
-0.5559783846322592,-1.2835135870105665,-0.5579502955433145,-0.9124989093401775,-0.8030586712872236,1.0,0.0,1.0,0.0,1.0,0.0,1.0,0.0,1.0,0.0,1.0,0.0,0.0,0.0,1.0,3255000
-0.6876897407242367,1.394055427040185,-0.5579502955433145,0.2542152386724836,-0.8030586712872236,0.0,1.0,1.0,0.0,0.0,1.0,1.0,0.0,1.0,0.0,1.0,0.0,0.0,0.0,1.0,3234000
-0.3561404650444313,0.055270920014809204,-0.5579502955433145,0.2542152386724836,-0.8030586712872236,0.0,1.0,1.0,0.0,1.0,0.0,1.0,0.0,1.0,0.0,1.0,0.0,0.0,0.0,1.0,3220000
-1.1218830387377903,-1.2835135870105665,-0.5579502955433145,-0.9124989093401775,0.3679566487168883,0.0,1.0,1.0,0.0,1.0,0.0,1.0,0.0,0.0,1.0,1.0,0.0,0.0,0.0,1.0,3220000
-0.3788493195430481,0.055270920014809204,-0.5579502955433145,-0.9124989093401775,0.3679566487168883,1.0,0.0,1.0,0.0,1.0,0.0,1.0,0.0,1.0,0.0,1.0,0.0,0.0,0.0,1.0,3220000
-0.9238618275098516,0.055270920014809204,-0.5579502955433145,0.2542152386724836,-0.8030586712872236,1.0,0.0,1.0,0.0,1.0,0.0,1.0,0.0,1.0,0.0,1.0,0.0,1.0,0.0,0.0,3220000
-0.7739833878189807,-2.6222980940359424,-0.5579502955433145,-0.9124989093401775,-0.8030586712872236,0.0,1.0,1.0,0.0,1.0,0.0,1.0,0.0,1.0,0.0,1.0,0.0,1.0,0.0,0.0,3150000
-0.5305444675938085,-1.2835135870105665,1.539173229085006,-0.9124989093401775,0.3679566487168883,1.0,0.0,0.0,1.0,0.0,1.0,1.0,0.0,1.0,0.0,1.0,0.0,0.0,0.0,1.0,3150000
-0.7512745333203639,-1.2835135870105665,-0.5579502955433145,-0.9124989093401775,-0.8030586712872236,1.0,0.0,1.0,0.0,0.0,1.0,1.0,0.0,1.0,0.0,1.0,0.0,0.0,1.0,0.0,3150000
-0.4810391647868238,-1.2835135870105665,-0.5579502955433145,-0.9124989093401775,1.5389719687210002,0.0,1.0,1.0,0.0,1.0,0.0,1.0,0.0,1.0,0.0,1.0,0.0,0.0,1.0,0.0,3150000
-1.591502149769186,0.055270920014809204,-0.5579502955433145,0.2542152386724836,-0.8030586712872236,1.0,0.0,1.0,0.0,0.0,1.0,1.0,0.0,1.0,0.0,1.0,0.0,0.0,0.0,1.0,3150000
-0.7739833878189807,0.055270920014809204,-0.5579502955433145,0.2542152386724836,-0.8030586712872236,0.0,1.0,1.0,0.0,0.0,1.0,1.0,0.0,1.0,0.0,1.0,0.0,0.0,1.0,0.0,3150000
0.7248010090897289,-1.2835135870105665,-0.5579502955433145,-0.9124989093401775,-0.8030586712872236,0.0,1.0,1.0,0.0,1.0,0.0,1.0,0.0,1.0,0.0,1.0,0.0,0.0,1.0,0.0,3150000
1.7466994615274853,0.055270920014809204,-0.5579502955433145,0.2542152386724836,1.5389719687210002,0.0,1.0,1.0,0.0,1.0,0.0,1.0,0.0,1.0,0.0,1.0,0.0,0.0,1.0,0.0,3150000
-0.9470248590984408,-1.2835135870105665,-0.5579502955433145,-0.9124989093401775,0.3679566487168883,0.0,1.0,1.0,0.0,1.0,0.0,1.0,0.0,1.0,0.0,1.0,0.0,0.0,0.0,1.0,3150000
-0.2970974433480276,0.055270920014809204,-0.5579502955433145,0.2542152386724836,-0.8030586712872236,0.0,1.0,1.0,0.0,1.0,0.0,1.0,0.0,0.0,1.0,1.0,0.0,0.0,0.0,1.0,3143000
0.15480876117444692,0.055270920014809204,-0.5579502955433145,-0.9124989093401775,-0.8030586712872236,0.0,1.0,1.0,0.0,0.0,1.0,1.0,0.0,1.0,0.0,1.0,0.0,0.0,0.0,1.0,3129000
-1.2517776864698784,0.055270920014809204,-0.5579502955433145,-0.9124989093401775,-0.8030586712872236,0.0,1.0,1.0,0.0,1.0,0.0,1.0,0.0,1.0,0.0,0.0,1.0,0.0,1.0,0.0,3118850
-0.9783630783065319,0.055270920014809204,-0.5579502955433145,-0.9124989093401775,-0.8030586712872236,1.0,0.0,1.0,0.0,1.0,0.0,1.0,0.0,0.0,1.0,1.0,0.0,0.0,0.0,1.0,3115000
-0.5923125518300462,0.055270920014809204,-0.5579502955433145,0.2542152386724836,-0.8030586712872236,0.0,1.0,1.0,0.0,1.0,0.0,1.0,0.0,1.0,0.0,1.0,0.0,0.0,0.0,1.0,3115000
-0.7512745333203639,-1.2835135870105665,-0.5579502955433145,-0.9124989093401775,-0.8030586712872236,0.0,1.0,1.0,0.0,1.0,0.0,1.0,0.0,1.0,0.0,1.0,0.0,0.0,0.0,1.0,3115000
1.337940080552383,-1.2835135870105665,-0.5579502955433145,-0.9124989093401775,0.3679566487168883,0.0,1.0,1.0,0.0,1.0,0.0,1.0,0.0,1.0,0.0,1.0,0.0,0.0,0.0,1.0,3087000
-0.08817598196075295,-1.2835135870105665,-0.5579502955433145,-0.9124989093401775,-0.8030586712872236,0.0,1.0,1.0,0.0,0.0,1.0,1.0,0.0,0.0,1.0,1.0,0.0,0.0,0.0,1.0,3080000
-1.3598718338832945,0.055270920014809204,-0.5579502955433145,0.2542152386724836,-0.8030586712872236,1.0,0.0,1.0,0.0,0.0,1.0,1.0,0.0,1.0,0.0,1.0,0.0,0.0,1.0,0.0,3080000
-0.9374871402090217,-1.2835135870105665,-0.5579502955433145,-0.9124989093401775,-0.8030586712872236,0.0,1.0,0.0,1.0,0.0,1.0,1.0,0.0,1.0,0.0,1.0,0.0,0.0,0.0,1.0,3080000
-0.2970974433480276,-1.2835135870105665,-0.5579502955433145,0.2542152386724836,0.3679566487168883,0.0,1.0,1.0,0.0,1.0,0.0,0.0,1.0,1.0,0.0,1.0,0.0,0.0,1.0,0.0,3080000
-0.615021406328663,-1.2835135870105665,-0.5579502955433145,-0.9124989093401775,-0.8030586712872236,0.0,1.0,1.0,0.0,1.0,0.0,1.0,0.0,1.0,0.0,1.0,0.0,0.0,0.0,1.0,3045000
-0.9374871402090217,0.055270920014809204,-0.5579502955433145,0.2542152386724836,-0.8030586712872236,1.0,0.0,1.0,0.0,1.0,0.0,1.0,0.0,1.0,0.0,1.0,0.0,0.0,1.0,0.0,3010000
-0.8693605767131712,0.055270920014809204,-0.5579502955433145,0.2542152386724836,1.5389719687210002,0.0,1.0,1.0,0.0,1.0,0.0,1.0,0.0,1.0,0.0,1.0,0.0,0.0,1.0,0.0,3010000
-1.0533022981519675,-1.2835135870105665,-0.5579502955433145,-0.9124989093401775,-0.8030586712872236,0.0,1.0,1.0,0.0,1.0,0.0,1.0,0.0,1.0,0.0,1.0,0.0,0.0,1.0,0.0,3010000
-0.251679734350794,-1.2835135870105665,-0.5579502955433145,-0.9124989093401775,-0.8030586712872236,0.0,1.0,1.0,0.0,1.0,0.0,1.0,0.0,1.0,0.0,1.0,0.0,1.0,0.0,0.0,3010000
-0.03549143952396195,0.055270920014809204,-0.5579502955433145,-0.9124989093401775,-0.8030586712872236,1.0,0.0,1.0,0.0,1.0,0.0,1.0,0.0,1.0,0.0,1.0,0.0,0.0,0.0,1.0,3010000
-0.6377302608272798,0.055270920014809204,-0.5579502955433145,0.2542152386724836,-0.8030586712872236,0.0,1.0,1.0,0.0,1.0,0.0,1.0,0.0,1.0,0.0,1.0,0.0,0.0,0.0,1.0,3010000
-0.6922315116239601,1.394055427040185,-0.5579502955433145,0.2542152386724836,2.709987288725112,0.0,1.0,1.0,0.0,1.0,0.0,1.0,0.0,1.0,0.0,1.0,0.0,0.0,1.0,0.0,3010000
1.315231226053766,-1.2835135870105665,-0.5579502955433145,-0.9124989093401775,-0.8030586712872236,0.0,1.0,1.0,0.0,1.0,0.0,1.0,0.0,1.0,0.0,1.0,0.0,0.0,0.0,1.0,3003000
-0.3643156526639334,1.394055427040185,-0.5579502955433145,0.2542152386724836,0.3679566487168883,1.0,0.0,1.0,0.0,1.0,0.0,1.0,0.0,1.0,0.0,1.0,0.0,0.0,0.0,1.0,2975000
-0.9783630783065319,-1.2835135870105665,-0.5579502955433145,0.2542152386724836,-0.8030586712872236,0.0,1.0,1.0,0.0,1.0,0.0,1.0,0.0,1.0,0.0,1.0,0.0,0.0,1.0,0.0,2961000
0.31604162811462627,0.055270920014809204,-0.5579502955433145,0.2542152386724836,0.3679566487168883,0.0,1.0,1.0,0.0,0.0,1.0,1.0,0.0,1.0,0.0,1.0,0.0,0.0,0.0,1.0,2940000
-0.08817598196075295,-1.2835135870105665,-0.5579502955433145,-0.9124989093401775,-0.8030586712872236,0.0,1.0,1.0,0.0,1.0,0.0,1.0,0.0,1.0,0.0,1.0,0.0,0.0,0.0,1.0,2940000
-0.7058568243231302,0.055270920014809204,-0.5579502955433145,0.2542152386724836,0.3679566487168883,1.0,0.0,1.0,0.0,1.0,0.0,1.0,0.0,1.0,0.0,1.0,0.0,0.0,0.0,1.0,2940000
-0.67860619892479,1.394055427040185,-0.5579502955433145,0.2542152386724836,-0.8030586712872236,1.0,0.0,1.0,0.0,1.0,0.0,1.0,0.0,1.0,0.0,1.0,0.0,0.0,0.0,1.0,2940000
-0.7603580751198106,0.055270920014809204,-0.5579502955433145,0.2542152386724836,0.3679566487168883,1.0,0.0,1.0,0.0,1.0,0.0,1.0,0.0,1.0,0.0,1.0,0.0,0.0,1.0,0.0,2940000
-1.114616205298233,-1.2835135870105665,-0.5579502955433145,-0.9124989093401775,-0.8030586712872236,1.0,0.0,1.0,0.0,1.0,0.0,1.0,0.0,1.0,0.0,1.0,0.0,1.0,0.0,0.0,2940000
-0.9102365148106816,0.055270920014809204,-0.5579502955433145,0.2542152386724836,-0.8030586712872236,1.0,0.0,1.0,0.0,1.0,0.0,1.0,0.0,1.0,0.0,1.0,0.0,0.0,0.0,1.0,2940000
0.6634871019434635,0.055270920014809204,-0.5579502955433145,0.2542152386724836,-0.8030586712872236,0.0,1.0,1.0,0.0,1.0,0.0,1.0,0.0,1.0,0.0,1.0,0.0,0.0,1.0,0.0,2940000
-0.9601959947076385,-1.2835135870105665,-0.5579502955433145,-0.9124989093401775,-0.8030586712872236,1.0,0.0,1.0,0.0,1.0,0.0,1.0,0.0,1.0,0.0,1.0,0.0,0.0,0.0,1.0,2870000
-0.6922315116239601,-1.2835135870105665,-0.5579502955433145,-0.9124989093401775,-0.8030586712872236,0.0,1.0,1.0,0.0,1.0,0.0,1.0,0.0,1.0,0.0,1.0,0.0,0.0,0.0,1.0,2870000
0.3841681916104767,-1.2835135870105665,-0.5579502955433145,-0.9124989093401775,-0.8030586712872236,0.0,1.0,1.0,0.0,1.0,0.0,1.0,0.0,1.0,0.0,1.0,0.0,0.0,1.0,0.0,2870000
0.11166193762707498,1.394055427040185,-0.5579502955433145,0.2542152386724836,-0.8030586712872236,0.0,1.0,1.0,0.0,1.0,0.0,1.0,0.0,1.0,0.0,1.0,0.0,0.0,0.0,1.0,2870000
0.02082651963260774,1.394055427040185,-0.5579502955433145,1.4209293866851447,-0.8030586712872236,0.0,1.0,1.0,0.0,1.0,0.0,1.0,0.0,1.0,0.0,1.0,0.0,0.0,0.0,1.0,2852500
-0.8421099513148311,0.055270920014809204,-0.5579502955433145,0.2542152386724836,0.3679566487168883,1.0,0.0,1.0,0.0,1.0,0.0,1.0,0.0,1.0,0.0,1.0,0.0,0.0,1.0,0.0,2835000
-0.36522400684387807,0.055270920014809204,-0.5579502955433145,0.2542152386724836,0.3679566487168883,1.0,0.0,1.0,0.0,1.0,0.0,0.0,1.0,1.0,0.0,1.0,0.0,0.0,0.0,1.0,2835000
-1.141866830696573,-1.2835135870105665,-0.5579502955433145,-0.9124989093401775,0.3679566487168883,1.0,0.0,1.0,0.0,1.0,0.0,1.0,0.0,1.0,0.0,1.0,0.0,1.0,0.0,0.0,2835000
-1.1373250597968496,0.055270920014809204,-0.5579502955433145,0.2542152386724836,0.3679566487168883,0.0,1.0,1.0,0.0,0.0,1.0,1.0,0.0,1.0,0.0,1.0,0.0,0.0,0.0,1.0,2800000
-0.5423530719330891,0.055270920014809204,-0.5579502955433145,-0.9124989093401775,-0.8030586712872236,0.0,1.0,1.0,0.0,1.0,0.0,1.0,0.0,1.0,0.0,1.0,0.0,1.0,0.0,0.0,2800000
0.7475098635883457,-1.2835135870105665,-0.5579502955433145,-0.9124989093401775,-0.8030586712872236,0.0,1.0,1.0,0.0,1.0,0.0,1.0,0.0,1.0,0.0,1.0,0.0,0.0,0.0,1.0,2730000
-0.5241859883341957,0.055270920014809204,-0.5579502955433145,0.2542152386724836,0.3679566487168883,0.0,1.0,1.0,0.0,1.0,0.0,1.0,0.0,1.0,0.0,1.0,0.0,0.0,0.0,1.0,2730000
-0.5241859883341957,-1.2835135870105665,-0.5579502955433145,-0.9124989093401775,-0.8030586712872236,0.0,1.0,1.0,0.0,1.0,0.0,1.0,0.0,1.0,0.0,1.0,0.0,0.0,0.0,1.0,2695000
-0.5541616762723699,-1.2835135870105665,-0.5579502955433145,-0.9124989093401775,-0.8030586712872236,0.0,1.0,1.0,0.0,1.0,0.0,1.0,0.0,1.0,0.0,1.0,0.0,0.0,0.0,1.0,2660000
-1.432540168278868,-1.2835135870105665,-0.5579502955433145,0.2542152386724836,-0.8030586712872236,0.0,1.0,1.0,0.0,1.0,0.0,1.0,0.0,1.0,0.0,1.0,0.0,0.0,1.0,0.0,2660000
-0.6922315116239601,0.055270920014809204,3.6362967537133266,0.2542152386724836,-0.8030586712872236,1.0,0.0,0.0,1.0,1.0,0.0,1.0,0.0,1.0,0.0,1.0,0.0,0.0,0.0,1.0,2660000
-1.0691984963009993,0.055270920014809204,-0.5579502955433145,-0.9124989093401775,-0.8030586712872236,0.0,1.0,1.0,0.0,1.0,0.0,1.0,0.0,1.0,0.0,1.0,0.0,0.0,0.0,1.0,2660000
-1.2372440195907637,0.055270920014809204,-0.5579502955433145,-0.9124989093401775,-0.8030586712872236,1.0,0.0,1.0,0.0,1.0,0.0,1.0,0.0,1.0,0.0,1.0,0.0,0.0,0.0,1.0,2660000
-0.7603580751198106,-1.2835135870105665,-0.5579502955433145,-0.9124989093401775,0.3679566487168883,0.0,1.0,1.0,0.0,1.0,0.0,1.0,0.0,1.0,0.0,1.0,0.0,0.0,1.0,0.0,2660000
-0.5241859883341957,0.055270920014809204,-0.5579502955433145,-0.9124989093401775,-0.8030586712872236,0.0,1.0,1.0,0.0,1.0,0.0,1.0,0.0,1.0,0.0,1.0,0.0,0.0,1.0,0.0,2660000
-0.8943403166616497,-1.2835135870105665,-0.5579502955433145,-0.9124989093401775,-0.8030586712872236,0.0,1.0,1.0,0.0,1.0,0.0,1.0,0.0,0.0,1.0,1.0,0.0,0.0,0.0,1.0,2653000
-0.5241859883341957,0.055270920014809204,-0.5579502955433145,0.2542152386724836,-0.8030586712872236,0.0,1.0,1.0,0.0,1.0,0.0,1.0,0.0,0.0,1.0,1.0,0.0,0.0,0.0,1.0,2653000
-1.0192390164040421,-1.2835135870105665,-0.5579502955433145,-0.9124989093401775,-0.8030586712872236,1.0,0.0,1.0,0.0,1.0,0.0,1.0,0.0,1.0,0.0,1.0,0.0,0.0,0.0,1.0,2604000
-0.7058568243231302,-1.2835135870105665,-0.5579502955433145,-0.9124989093401775,-0.8030586712872236,0.0,1.0,1.0,0.0,1.0,0.0,1.0,0.0,1.0,0.0,1.0,0.0,0.0,0.0,1.0,2590000
-0.34251515234526125,-1.2835135870105665,-0.5579502955433145,-0.9124989093401775,-0.8030586712872236,0.0,1.0,1.0,0.0,1.0,0.0,1.0,0.0,1.0,0.0,1.0,0.0,0.0,0.0,1.0,2590000
-0.7058568243231302,-1.2835135870105665,1.539173229085006,0.2542152386724836,0.3679566487168883,0.0,1.0,1.0,0.0,0.0,1.0,1.0,0.0,1.0,0.0,1.0,0.0,1.0,0.0,0.0,2590000
-1.0328643291032122,0.055270920014809204,-0.5579502955433145,-0.9124989093401775,-0.8030586712872236,1.0,0.0,1.0,0.0,1.0,0.0,1.0,0.0,1.0,0.0,1.0,0.0,0.0,0.0,1.0,2520000
-0.8966112021115115,0.055270920014809204,-0.5579502955433145,-0.9124989093401775,-0.8030586712872236,1.0,0.0,1.0,0.0,1.0,0.0,1.0,0.0,1.0,0.0,1.0,0.0,0.0,0.0,1.0,2520000
-0.9783630783065319,-1.2835135870105665,-0.5579502955433145,0.2542152386724836,-0.8030586712872236,0.0,1.0,1.0,0.0,1.0,0.0,1.0,0.0,1.0,0.0,1.0,0.0,1.0,0.0,0.0,2520000
-0.34251515234526125,0.055270920014809204,-0.5579502955433145,0.2542152386724836,-0.8030586712872236,0.0,1.0,1.0,0.0,1.0,0.0,1.0,0.0,1.0,0.0,1.0,0.0,0.0,0.0,1.0,2485000
-0.9783630783065319,0.055270920014809204,-0.5579502955433145,0.2542152386724836,-0.8030586712872236,1.0,0.0,1.0,0.0,1.0,0.0,1.0,0.0,1.0,0.0,1.0,0.0,0.0,1.0,0.0,2485000
-0.8829858894123414,0.055270920014809204,-0.5579502955433145,0.2542152386724836,-0.8030586712872236,0.0,1.0,1.0,0.0,0.0,1.0,1.0,0.0,1.0,0.0,1.0,0.0,0.0,0.0,1.0,2450000
-0.8693605767131712,-1.2835135870105665,-0.5579502955433145,-0.9124989093401775,0.3679566487168883,1.0,0.0,0.0,1.0,1.0,0.0,1.0,0.0,1.0,0.0,1.0,0.0,0.0,0.0,1.0,2450000
-0.9783630783065319,-1.2835135870105665,-0.5579502955433145,-0.9124989093401775,0.3679566487168883,0.0,1.0,1.0,0.0,1.0,0.0,1.0,0.0,1.0,0.0,1.0,0.0,0.0,0.0,1.0,2450000
-0.7512745333203639,-1.2835135870105665,-0.5579502955433145,-0.9124989093401775,-0.8030586712872236,0.0,1.0,0.0,1.0,1.0,0.0,1.0,0.0,1.0,0.0,1.0,0.0,0.0,0.0,1.0,2450000
-0.1426772327574333,-1.2835135870105665,-0.5579502955433145,0.2542152386724836,-0.8030586712872236,0.0,1.0,1.0,0.0,1.0,0.0,1.0,0.0,1.0,0.0,1.0,0.0,0.0,0.0,1.0,2450000
1.1562692445634484,-1.2835135870105665,-0.5579502955433145,-0.9124989093401775,-0.8030586712872236,0.0,1.0,1.0,0.0,1.0,0.0,1.0,0.0,1.0,0.0,1.0,0.0,0.0,0.0,1.0,2450000
-0.6899606261740985,-1.2835135870105665,-0.5579502955433145,-0.9124989093401775,-0.8030586712872236,1.0,0.0,1.0,0.0,1.0,0.0,1.0,0.0,1.0,0.0,1.0,0.0,0.0,0.0,1.0,2408000
-1.2168060505420084,0.055270920014809204,-0.5579502955433145,0.2542152386724836,-0.8030586712872236,0.0,1.0,1.0,0.0,1.0,0.0,1.0,0.0,1.0,0.0,1.0,0.0,1.0,0.0,0.0,2380000
-1.0751027984706396,1.394055427040185,1.539173229085006,0.2542152386724836,-0.8030586712872236,0.0,1.0,1.0,0.0,1.0,0.0,1.0,0.0,1.0,0.0,1.0,0.0,1.0,0.0,0.0,2380000
-0.8584603265538352,-1.2835135870105665,-0.5579502955433145,-0.9124989093401775,-0.8030586712872236,0.0,1.0,1.0,0.0,1.0,0.0,1.0,0.0,1.0,0.0,1.0,0.0,0.0,0.0,1.0,2380000
-0.6876897407242367,-1.2835135870105665,-0.5579502955433145,-0.9124989093401775,-0.8030586712872236,0.0,1.0,1.0,0.0,1.0,0.0,1.0,0.0,1.0,0.0,1.0,0.0,0.0,0.0,1.0,2345000
-0.8966112021115115,-1.2835135870105665,-0.5579502955433145,-0.9124989093401775,-0.8030586712872236,0.0,1.0,1.0,0.0,1.0,0.0,1.0,0.0,1.0,0.0,1.0,0.0,0.0,0.0,1.0,2310000
-1.5070252110343314,-1.2835135870105665,-0.5579502955433145,-0.9124989093401775,-0.8030586712872236,1.0,0.0,1.0,0.0,0.0,1.0,1.0,0.0,1.0,0.0,1.0,0.0,0.0,1.0,0.0,2275000
-0.5378113010333658,-2.6222980940359424,-0.5579502955433145,-0.9124989093401775,-0.8030586712872236,1.0,0.0,1.0,0.0,1.0,0.0,1.0,0.0,1.0,0.0,1.0,0.0,0.0,0.0,1.0,2275000
-0.5378113010333658,0.055270920014809204,-0.5579502955433145,0.2542152386724836,-0.8030586712872236,0.0,1.0,1.0,0.0,0.0,1.0,1.0,0.0,1.0,0.0,1.0,0.0,0.0,0.0,1.0,2275000
-1.455249022777485,0.055270920014809204,-0.5579502955433145,-0.9124989093401775,-0.8030586712872236,1.0,0.0,1.0,0.0,1.0,0.0,0.0,1.0,1.0,0.0,1.0,0.0,0.0,0.0,1.0,2240000
0.06624422862984136,0.055270920014809204,-0.5579502955433145,-0.9124989093401775,-0.8030586712872236,1.0,0.0,1.0,0.0,1.0,0.0,1.0,0.0,0.0,1.0,0.0,1.0,0.0,0.0,1.0,2233000
-0.9783630783065319,-1.2835135870105665,-0.5579502955433145,-0.9124989093401775,-0.8030586712872236,1.0,0.0,1.0,0.0,1.0,0.0,1.0,0.0,1.0,0.0,1.0,0.0,0.0,0.0,1.0,2135000
-1.2508693322899338,0.055270920014809204,-0.5579502955433145,0.2542152386724836,-0.8030586712872236,0.0,1.0,1.0,0.0,1.0,0.0,1.0,0.0,1.0,0.0,1.0,0.0,0.0,0.0,1.0,2100000
-0.9783630783065319,1.394055427040185,-0.5579502955433145,0.2542152386724836,-0.8030586712872236,0.0,1.0,1.0,0.0,1.0,0.0,1.0,0.0,1.0,0.0,1.0,0.0,0.0,0.0,1.0,2100000
-0.8148593259164909,-1.2835135870105665,-0.5579502955433145,-0.9124989093401775,0.3679566487168883,0.0,1.0,1.0,0.0,1.0,0.0,1.0,0.0,1.0,0.0,1.0,0.0,0.0,0.0,1.0,2100000
-0.7876087005181508,2.7328399340655607,-0.5579502955433145,0.2542152386724836,-0.8030586712872236,1.0,0.0,1.0,0.0,1.0,0.0,1.0,0.0,1.0,0.0,1.0,0.0,0.0,0.0,1.0,1960000
-1.568793295270569,0.055270920014809204,-0.5579502955433145,0.2542152386724836,-0.8030586712872236,0.0,1.0,1.0,0.0,1.0,0.0,1.0,0.0,1.0,0.0,1.0,0.0,0.0,0.0,1.0,1890000
-0.6836021469144857,-1.2835135870105665,-0.5579502955433145,-0.9124989093401775,-0.8030586712872236,0.0,1.0,1.0,0.0,1.0,0.0,1.0,0.0,1.0,0.0,1.0,0.0,0.0,0.0,1.0,1890000
-0.9829048492062553,-1.2835135870105665,-0.5579502955433145,-0.9124989093401775,0.3679566487168883,1.0,0.0,1.0,0.0,1.0,0.0,1.0,0.0,1.0,0.0,1.0,0.0,0.0,0.0,1.0,1855000
-0.9783630783065319,-1.2835135870105665,-0.5579502955433145,-0.9124989093401775,1.5389719687210002,0.0,1.0,1.0,0.0,0.0,1.0,1.0,0.0,1.0,0.0,1.0,0.0,0.0,0.0,1.0,1820000
-1.2508693322899338,0.055270920014809204,-0.5579502955433145,-0.9124989093401775,-0.8030586712872236,1.0,0.0,1.0,0.0,1.0,0.0,1.0,0.0,1.0,0.0,1.0,0.0,0.0,1.0,0.0,1767150
-0.6967732825236835,-1.2835135870105665,-0.5579502955433145,-0.9124989093401775,-0.8030586712872236,0.0,1.0,1.0,0.0,1.0,0.0,1.0,0.0,1.0,0.0,1.0,0.0,0.0,0.0,1.0,1750000
-1.0192390164040421,0.055270920014809204,-0.5579502955433145,-0.9124989093401775,-0.8030586712872236,1.0,0.0,1.0,0.0,1.0,0.0,1.0,0.0,1.0,0.0,1.0,0.0,1.0,0.0,0.0,1750000
-0.5923125518300462,0.055270920014809204,-0.5579502955433145,0.2542152386724836,-0.8030586712872236,0.0,1.0,1.0,0.0,1.0,0.0,1.0,0.0,1.0,0.0,1.0,0.0,0.0,0.0,1.0,1750000
